PARi,air_temperature,soil_temperature,ambient_CO2,humidity,Wind,hour,DOY,t
202.0,7.6,8.353108891324554,360,0.97,4.0,12,351,0
157.1111111111111,7.5,8.388074039201175,360,0.96,4.0,13,351,1
123.44444444444446,7.3,8.4,360,0.95,4.0,14,351,2
78.55555555555554,7.5,8.388074039201175,360,0.94,4.0,15,351,3
33.66666666666667,7.5,8.353108891324554,360,0.93,4.0,16,351,4
11.222222222222221,7.3,8.297487373415292,360,0.93,4.0,17,351,5
0.0,7.3,8.225000000000001,360,0.94,4.0,18,351,6
0.0,7.2,8.140586665785882,360,0.94,3.0,19,351,7
0.0,7.1,8.05,360,0.95,4.0,20,351,8
0.0,7.0,7.959413334214118,360,0.95,3.0,21,351,9
0.0,6.9,7.875000000000001,360,0.95,3.0,22,351,10
0.0,6.6,7.802512626584709,360,0.96,3.0,23,351,11
0.0,6.2,7.746891108675447,360,0.96,4.0,24,351,12
0.0,5.8,7.908518543427733,360,0.96,4.0,1,352,13
0.0,5.4,7.9,360,0.96,5.0,2,352,14
0.0,4.8,7.908518543427733,360,0.97,4.0,3,352,15
0.0,4.3,7.933493649053891,360,0.97,4.0,4,352,16
0.0,3.7,7.973223304703364,360,0.97,4.0,5,352,17
0.0,2.8,8.025,360,0.98,2.0,6,352,18
0.0,2.1,8.08529523872437,360,0.98,1.0,7,352,19
0.0,1.5,8.15,360,0.98,2.0,8,352,20
101.0,2.4,8.21470476127563,360,0.99,2.0,9,352,21
347.8888888888889,6.9,8.275,360,0.99,6.0,10,352,22
415.2222222222223,7.9,8.326776695296637,360,0.98,6.0,11,352,23
482.5555555555556,8.3,8.36650635094611,360,0.85,6.0,12,352,24
415.2222222222223,8.9,8.391481456572267,360,0.8,6.0,13,352,25
381.55555555555554,9.6,8.4,360,0.76,6.0,14,352,26
213.22222222222223,9.2,8.391481456572267,360,0.8,5.0,15,352,27
67.33333333333334,8.8,8.36650635094611,360,0.82,4.0,16,352,28
0.0,8.5,8.326776695296637,360,0.8,6.0,17,352,29
0.0,7.8,8.275,360,0.82,6.0,18,352,30
0.0,7.8,8.21470476127563,360,0.84,6.0,19,352,31
0.0,8.0,8.15,360,0.83,6.0,20,352,32
0.0,7.9,8.08529523872437,360,0.82,5.0,21,352,33
0.0,7.7,8.025,360,0.81,6.0,22,352,34
0.0,6.9,7.973223304703364,360,0.85,6.0,23,352,35
0.0,7.4,7.933493649053891,360,0.84,6.0,24,352,36
0.0,7.1,8.025555630283199,360,0.86,8.0,1,353,37
0.0,7.0,8.0,360,0.85,8.0,2,353,38
0.0,7.4,8.025555630283199,360,0.83,7.0,3,353,39
0.0,7.1,8.100480947161671,360,0.84,7.0,4,353,40
0.0,7.3,8.219669914110089,360,0.85,7.0,5,353,41
0.0,7.9,8.375,360,0.83,8.0,6,353,42
0.0,7.6,8.55588571617311,360,0.91,7.0,7,353,43
0.0,7.8,8.75,360,0.94,6.0,8,353,44
33.66666666666667,8.8,8.94411428382689,360,0.96,5.0,9,353,45
134.66666666666669,9.9,9.125,360,0.97,6.0,10,353,46
145.88888888888889,10.8,9.280330085889911,360,0.97,6.0,11,353,47
101.0,10.2,9.399519052838329,360,0.97,8.0,12,353,48
89.77777777777777,9.8,9.474444369716801,360,0.98,6.0,13,353,49
123.44444444444446,10.6,9.5,360,0.98,6.0,14,353,50
224.44444444444446,11.4,9.474444369716801,360,0.98,5.0,15,353,51
112.22222222222223,11.4,9.399519052838329,360,0.97,6.0,16,353,52
0.0,11.3,9.280330085889911,360,0.94,7.0,17,353,53
0.0,10.9,9.125,360,0.91,7.0,18,353,54
0.0,11.1,8.94411428382689,360,0.89,8.0,19,353,55
0.0,11.4,8.75,360,0.87,8.0,20,353,56
0.0,11.7,8.55588571617311,360,0.83,9.0,21,353,57
0.0,10.9,8.375,360,0.88,7.0,22,353,58
0.0,10.3,8.219669914110089,360,0.92,6.0,23,353,59
0.0,10.4,8.100480947161671,360,0.94,8.0,24,353,60
0.0,10.2,9.011925960798827,360,0.96,8.0,1,354,61
0.0,11.3,9.0,360,0.97,11.0,2,354,62
0.0,11.0,9.011925960798827,360,0.97,10.0,3,354,63
0.0,12.4,9.046891108675446,360,0.97,13.0,4,354,64
0.0,12.6,9.102512626584708,360,0.96,12.0,5,354,65
0.0,12.3,9.174999999999999,360,0.93,10.0,6,354,66
0.0,11.8,9.259413334214118,360,0.92,10.0,7,354,67
11.222222222222221,10.7,9.35,360,0.9,10.0,8,354,68
22.444444444444443,8.7,9.440586665785881,360,0.9,10.0,9,354,69
78.55555555555554,8.9,9.525,360,0.87,6.0,10,354,70
246.8888888888889,9.1,9.59748737341529,360,0.79,8.0,11,354,71
448.8888888888889,9.7,9.653108891324553,360,0.73,9.0,12,354,72
594.7777777777778,9.5,9.688074039201172,360,0.65,10.0,13,354,73
269.33333333333337,8.9,9.7,360,0.63,9.0,14,354,74
190.77777777777777,8.5,9.688074039201172,360,0.61,9.0,15,354,75
134.66666666666669,7.7,9.653108891324553,360,0.65,8.0,16,354,76
0.0,3.4,9.59748737341529,360,0.84,12.0,17,354,77
0.0,3.4,9.525,360,0.88,4.0,18,354,78
0.0,3.7,9.440586665785881,360,0.9,6.0,19,354,79
0.0,3.2,9.35,360,0.92,4.0,20,354,80
0.0,3.6,9.259413334214118,360,0.92,3.0,21,354,81
0.0,3.8,9.175,360,0.89,4.0,22,354,82
0.0,4.0,9.102512626584708,360,0.86,5.0,23,354,83
0.0,2.7,9.046891108675446,360,0.86,4.0,24,354,84
0.0,3.5,7.315333378169919,360,0.87,4.0,1,355,85
0.0,3.3,7.300000000000001,360,0.87,4.0,2,355,86
0.0,1.9,7.315333378169919,360,0.87,4.0,3,355,87
0.0,1.0,7.360288568297003,360,0.9,2.0,4,355,88
0.0,0.6,7.431801948466053,360,0.92,3.0,5,355,89
0.0,0.3,7.525,360,0.94,4.0,6,355,90
0.0,0.5,7.633531429703866,360,0.95,2.0,7,355,91
11.222222222222221,0.8,7.75,360,0.95,3.0,8,355,92
134.66666666666669,1.6,7.866468570296134,360,0.96,3.0,9,355,93
415.2222222222223,3.6,7.975,360,0.96,4.0,10,355,94
561.1111111111111,5.9,8.068198051533946,360,0.93,4.0,11,355,95
662.1111111111112,7.1,8.139711431702997,360,0.82,4.0,12,355,96
572.3333333333333,7.7,8.18466662183008,360,0.79,5.0,13,355,97
448.8888888888889,8.2,8.2,360,0.74,5.0,14,355,98
168.33333333333331,7.9,8.18466662183008,360,0.78,5.0,15,355,99
67.33333333333334,7.6,8.139711431702997,360,0.83,4.0,16,355,100
0.0,7.1,8.068198051533946,360,0.87,4.0,17,355,101
0.0,7.1,7.975,360,0.92,4.0,18,355,102
0.0,7.1,7.866468570296134,360,0.94,4.0,19,355,103
0.0,7.2,7.75,360,0.95,5.0,20,355,104
0.0,7.1,7.633531429703866,360,0.96,5.0,21,355,105
0.0,7.1,7.525,360,0.96,5.0,22,355,106
0.0,7.1,7.431801948466054,360,0.97,5.0,23,355,107
0.0,7.2,7.360288568297003,360,0.97,6.0,24,355,108
0.0,7.9,7.925555630283199,360,0.97,6.0,1,356,109
0.0,8.1,7.9,360,0.97,6.0,2,356,110
0.0,8.4,7.925555630283199,360,0.97,8.0,3,356,111
0.0,8.6,8.000480947161671,360,0.97,7.0,4,356,112
0.0,8.8,8.119669914110089,360,0.97,6.0,5,356,113
0.0,8.4,8.275,360,0.97,5.0,6,356,114
0.0,7.1,8.45588571617311,360,0.98,2.0,7,356,115
11.222222222222221,6.6,8.65,360,0.97,2.0,8,356,116
123.44444444444446,6.4,8.84411428382689,360,0.98,3.0,9,356,117
370.33333333333337,7.3,9.025,360,0.98,4.0,10,356,118
347.8888888888889,8.0,9.180330085889912,360,0.97,4.0,11,356,119
359.1111111111111,8.9,9.29951905283833,360,0.97,4.0,12,356,120
415.2222222222223,9.6,9.374444369716802,360,0.96,6.0,13,356,121
280.55555555555554,10.0,9.4,360,0.94,5.0,14,356,122
202.0,10.2,9.374444369716802,360,0.87,5.0,15,356,123
56.111111111111114,9.5,9.29951905283833,360,0.82,6.0,16,356,124
0.0,9.4,9.180330085889912,360,0.85,6.0,17,356,125
0.0,9.8,9.025,360,0.9,6.0,18,356,126
0.0,10.1,8.84411428382689,360,0.9,8.0,19,356,127
0.0,10.4,8.65,360,0.91,9.0,20,356,128
0.0,10.2,8.45588571617311,360,0.94,10.0,21,356,129
0.0,10.6,8.275,360,0.96,10.0,22,356,130
0.0,10.6,8.119669914110089,360,0.97,11.0,23,356,131
0.0,11.0,8.000480947161671,360,0.97,10.0,24,356,132
0.0,11.1,8.810222252113281,360,0.97,10.0,1,357,133
0.0,11.3,8.8,360,0.97,14.0,2,357,134
0.0,11.1,8.810222252113281,360,0.96,12.0,3,357,135
0.0,11.3,8.84019237886467,360,0.96,13.0,4,357,136
0.0,11.2,8.887867965644038,360,0.95,14.0,5,357,137
0.0,10.5,8.950000000000001,360,0.92,12.0,6,357,138
0.0,10.1,9.022354286469245,360,0.8,10.0,7,357,139
0.0,9.5,9.100000000000001,360,0.81,9.0,8,357,140
67.33333333333334,9.3,9.177645713530758,360,0.83,7.0,9,357,141
145.88888888888889,8.6,9.250000000000002,360,0.82,11.0,10,357,142
157.1111111111111,8.6,9.312132034355965,360,0.84,9.0,11,357,143
303.0,9.1,9.359807621135333,360,0.78,9.0,12,357,144
224.44444444444446,9.0,9.389777747886722,360,0.77,10.0,13,357,145
280.55555555555554,9.5,9.400000000000002,360,0.73,10.0,14,357,146
179.55555555555554,8.2,9.389777747886722,360,0.72,15.0,15,357,147
78.55555555555554,7.7,9.359807621135333,360,0.71,9.0,16,357,148
0.0,7.4,9.312132034355965,360,0.72,9.0,17,357,149
0.0,6.2,9.250000000000002,360,0.78,10.0,18,357,150
0.0,6.3,9.177645713530758,360,0.74,6.0,19,357,151
0.0,5.8,9.100000000000001,360,0.72,6.0,20,357,152
0.0,5.2,9.022354286469245,360,0.77,6.0,21,357,153
0.0,5.4,8.950000000000001,360,0.77,7.0,22,357,154
0.0,5.3,8.887867965644038,360,0.78,6.0,23,357,155
0.0,5.0,8.84019237886467,360,0.79,6.0,24,357,156
0.0,4.5,7.705111126056639,360,0.8,6.0,1,358,157
0.0,4.4,7.699999999999999,360,0.81,5.0,2,358,158
0.0,2.7,7.705111126056639,360,0.87,4.0,3,358,159
0.0,4.5,7.720096189432334,360,0.82,7.0,4,358,160
0.0,4.1,7.743933982822018,360,0.8,6.0,5,358,161
0.0,4.2,7.7749999999999995,360,0.81,6.0,6,358,162
0.0,4.4,7.811177143234621,360,0.79,6.0,7,358,163
11.222222222222221,4.1,7.85,360,0.81,4.0,8,358,164
112.22222222222223,4.8,7.888822856765378,360,0.79,5.0,9,358,165
314.2222222222222,6.0,7.925,360,0.76,4.0,10,358,166
527.4444444444445,7.1,7.956066017177982,360,0.7,7.0,11,358,167
617.2222222222222,7.6,7.979903810567666,360,0.64,7.0,12,358,168
561.1111111111111,7.9,7.99488887394336,360,0.63,8.0,13,358,169
404.0,7.8,8.0,360,0.63,6.0,14,358,170
370.33333333333337,8.1,7.99488887394336,360,0.62,6.0,15,358,171
213.22222222222223,7.4,7.979903810567666,360,0.66,7.0,16,358,172
11.222222222222221,6.6,7.956066017177982,360,0.69,6.0,17,358,173
0.0,5.9,7.925,360,0.77,2.0,18,358,174
0.0,5.9,7.888822856765378,360,0.8,3.0,19,358,175
0.0,6.1,7.85,360,0.8,4.0,20,358,176
0.0,6.5,7.811177143234621,360,0.79,4.0,21,358,177
0.0,6.1,7.7749999999999995,360,0.81,3.0,22,358,178
0.0,5.7,7.743933982822018,360,0.86,4.0,23,358,179
0.0,5.5,7.720096189432334,360,0.91,2.0,24,358,180
0.0,5.7,7.922148212912107,360,0.94,4.0,1,359,181
0.0,5.6,7.900000000000001,360,0.96,4.0,2,359,182
0.0,5.9,7.922148212912107,360,0.97,5.0,3,359,183
0.0,6.0,7.987083487540116,360,0.97,4.0,4,359,184
0.0,5.9,8.090380592228746,360,0.97,4.0,5,359,185
0.0,6.0,8.225000000000001,360,0.98,3.0,6,359,186
0.0,6.3,8.381767620683362,360,0.98,3.0,7,359,187
0.0,6.6,8.55,360,0.98,2.0,8,359,188
44.888888888888886,7.0,8.718232379316639,360,0.99,2.0,9,359,189
123.44444444444446,8.2,8.875,360,0.99,2.0,10,359,190
179.55555555555554,9.5,9.009619407771256,360,0.99,2.0,11,359,191
213.22222222222223,10.1,9.112916512459886,360,0.99,4.0,12,359,192
258.11111111111114,10.5,9.177851787087894,360,0.99,4.0,13,359,193
235.66666666666669,10.7,9.2,360,0.99,4.0,14,359,194
157.1111111111111,10.4,9.177851787087894,360,0.98,2.0,15,359,195
56.111111111111114,10.1,9.112916512459886,360,0.98,2.0,16,359,196
11.222222222222221,9.6,9.009619407771256,360,0.98,1.0,17,359,197
0.0,9.6,8.875,360,0.98,0.0,18,359,198
0.0,9.4,8.718232379316639,360,0.98,0.0,19,359,199
0.0,9.5,8.55,360,0.98,0.0,20,359,200
0.0,9.1,8.381767620683362,360,0.99,2.0,21,359,201
0.0,8.7,8.225000000000001,360,0.99,2.0,22,359,202
0.0,8.6,8.090380592228746,360,0.99,2.0,23,359,203
0.0,8.3,7.987083487540116,360,0.99,1.0,24,359,204
0.0,8.5,9.011925960798827,360,0.99,1.0,1,360,205
0.0,8.5,9.0,360,0.99,2.0,2,360,206
0.0,8.4,9.011925960798827,360,0.99,2.0,3,360,207
0.0,8.3,9.046891108675446,360,0.99,1.0,4,360,208
0.0,8.3,9.102512626584708,360,0.99,1.0,5,360,209
0.0,8.3,9.174999999999999,360,0.99,1.0,6,360,210
0.0,8.2,9.259413334214118,360,0.99,1.0,7,360,211
0.0,8.4,9.35,360,0.99,1.0,8,360,212
44.888888888888886,8.9,9.440586665785881,360,0.99,2.0,9,360,213
123.44444444444446,9.0,9.525,360,0.99,3.0,10,360,214
179.55555555555554,9.1,9.59748737341529,360,0.99,4.0,11,360,215
202.0,9.4,9.653108891324553,360,0.99,3.0,12,360,216
190.77777777777777,9.6,9.688074039201172,360,0.99,3.0,13,360,217
112.22222222222223,9.7,9.7,360,0.99,3.0,14,360,218
78.55555555555554,9.5,9.688074039201172,360,0.99,4.0,15,360,219
33.66666666666667,9.4,9.653108891324553,360,0.99,4.0,16,360,220
0.0,9.0,9.59748737341529,360,0.99,4.0,17,360,221
0.0,8.7,9.525,360,0.99,6.0,18,360,222
0.0,8.5,9.440586665785881,360,0.99,6.0,19,360,223
0.0,8.4,9.35,360,0.99,6.0,20,360,224
0.0,8.3,9.259413334214118,360,0.99,5.0,21,360,225
0.0,7.9,9.175,360,0.99,6.0,22,360,226
0.0,7.7,9.102512626584708,360,0.99,6.0,23,360,227
0.0,7.4,9.046891108675446,360,0.99,6.0,24,360,228
0.0,7.1,9.103407417371091,360,0.99,7.0,1,361,229
0.0,7.1,9.099999999999998,360,0.99,8.0,2,361,230
0.0,7.1,9.103407417371091,360,0.99,7.0,3,361,231
0.0,7.1,9.113397459621554,360,0.99,7.0,4,361,232
0.0,6.9,9.129289321881345,360,0.99,7.0,5,361,233
0.0,6.8,9.149999999999999,360,0.99,6.0,6,361,234
0.0,6.0,9.174118095489748,360,0.99,7.0,7,361,235
0.0,6.1,9.2,360,0.99,8.0,8,361,236
56.111111111111114,5.8,9.225881904510251,360,0.99,6.0,9,361,237
213.22222222222223,6.5,9.25,360,0.99,7.0,10,361,238
549.8888888888889,6.1,9.270710678118654,360,0.98,8.0,11,361,239
606.0,7.8,9.286602540378444,360,0.95,6.0,12,361,240
684.5555555555557,8.3,9.296592582628907,360,0.85,6.0,13,361,241
606.0,7.9,9.3,360,0.82,7.0,14,361,242
415.2222222222223,7.5,9.296592582628907,360,0.81,7.0,15,361,243
168.33333333333331,6.6,9.286602540378444,360,0.83,6.0,16,361,244
0.0,5.3,9.270710678118654,360,0.87,5.0,17,361,245
0.0,4.7,9.25,360,0.87,5.0,18,361,246
0.0,4.3,9.225881904510251,360,0.87,4.0,19,361,247
0.0,2.9,9.2,360,0.89,2.0,20,361,248
0.0,2.4,9.174118095489748,360,0.91,3.0,21,361,249
0.0,2.4,9.149999999999999,360,0.92,3.0,22,361,250
0.0,1.6,9.129289321881345,360,0.93,3.0,23,361,251
0.0,0.9,9.113397459621554,360,0.94,2.0,24,361,252
0.0,0.5,7.108518543427732,360,0.94,2.0,1,362,253
0.0,-0.1,7.1,360,0.95,1.0,2,362,254
0.0,-0.1,7.108518543427732,360,0.95,1.0,3,362,255
0.0,-0.7,7.13349364905389,360,0.96,1.0,4,362,256
0.0,-0.4,7.173223304703363,360,0.97,1.0,5,362,257
0.0,-0.6,7.225,360,0.97,2.0,6,362,258
0.0,-0.6,7.28529523872437,360,0.97,3.0,7,362,259
11.222222222222221,-0.1,7.35,360,0.98,2.0,8,362,260
56.111111111111114,0.3,7.41470476127563,360,0.98,2.0,9,362,261
112.22222222222223,1.0,7.475,360,0.98,2.0,10,362,262
168.33333333333331,1.6,7.526776695296636,360,0.98,2.0,11,362,263
213.22222222222223,2.6,7.566506350946109,360,0.99,2.0,12,362,264
145.88888888888889,2.7,7.591481456572267,360,0.99,2.0,13,362,265
101.0,2.6,7.6,360,0.99,2.0,14,362,266
67.33333333333334,2.8,7.591481456572267,360,0.99,2.0,15,362,267
33.66666666666667,3.1,7.566506350946109,360,0.99,2.0,16,362,268
0.0,3.2,7.526776695296636,360,0.99,2.0,17,362,269
0.0,3.4,7.475,360,0.99,2.0,18,362,270
0.0,3.5,7.41470476127563,360,0.99,2.0,19,362,271
0.0,3.3,7.35,360,0.99,2.0,20,362,272
0.0,2.8,7.28529523872437,360,0.99,2.0,21,362,273
0.0,2.3,7.225,360,0.99,2.0,22,362,274
0.0,1.9,7.173223304703363,360,0.99,2.0,23,362,275
0.0,1.5,7.13349364905389,360,0.99,2.0,24,362,276
0.0,1.4,7.2102222521132795,360,0.99,2.0,1,363,277
0.0,1.0,7.2,360,0.99,2.0,2,363,278
0.0,1.0,7.2102222521132795,360,0.99,2.0,3,363,279
0.0,1.1,7.240192378864668,360,0.99,3.0,4,363,280
0.0,0.7,7.287867965644036,360,0.99,3.0,5,363,281
0.0,0.4,7.35,360,0.99,3.0,6,363,282
0.0,0.9,7.422354286469244,360,0.99,2.0,7,363,283
11.222222222222221,0.8,7.5,360,0.99,3.0,8,363,284
56.111111111111114,1.1,7.577645713530756,360,0.99,3.0,9,363,285
179.55555555555554,1.9,7.65,360,0.99,2.0,10,363,286
269.33333333333337,2.9,7.712132034355964,360,0.99,3.0,11,363,287
314.2222222222222,4.0,7.759807621135331,360,0.99,2.0,12,363,288
269.33333333333337,4.1,7.7897777478867205,360,0.99,3.0,13,363,289
168.33333333333331,4.0,7.8,360,0.99,3.0,14,363,290
112.22222222222223,4.0,7.7897777478867205,360,0.99,3.0,15,363,291
44.888888888888886,4.1,7.759807621135331,360,0.99,4.0,16,363,292
0.0,4.1,7.712132034355964,360,0.99,3.0,17,363,293
0.0,3.8,7.65,360,0.99,3.0,18,363,294
0.0,3.1,7.577645713530756,360,0.99,3.0,19,363,295
0.0,3.0,7.5,360,0.99,3.0,20,363,296
0.0,2.7,7.422354286469244,360,0.99,3.0,21,363,297
0.0,2.6,7.3500000000000005,360,0.99,2.0,22,363,298
0.0,2.6,7.287867965644036,360,0.99,2.0,23,363,299
0.0,2.6,7.240192378864669,360,0.99,2.0,24,363,300
0.0,2.7,7.508518543427733,360,0.99,2.0,1,364,301
0.0,2.9,7.5,360,0.99,2.0,2,364,302
0.0,3.0,7.508518543427733,360,0.99,2.0,3,364,303
0.0,3.2,7.533493649053891,360,0.99,2.0,4,364,304
0.0,3.3,7.5732233047033635,360,0.99,1.0,5,364,305
0.0,3.4,7.625,360,0.99,2.0,6,364,306
0.0,3.4,7.68529523872437,360,0.99,2.0,7,364,307
0.0,2.7,7.75,360,0.99,2.0,8,364,308
134.66666666666669,3.9,7.81470476127563,360,0.99,2.0,9,364,309
213.22222222222223,3.8,7.875,360,0.99,2.0,10,364,310
224.44444444444446,4.1,7.9267766952966365,360,0.99,2.0,11,364,311
246.8888888888889,4.3,7.966506350946109,360,0.99,2.0,12,364,312
145.88888888888889,4.4,7.991481456572267,360,0.99,2.0,13,364,313
157.1111111111111,4.6,8.0,360,0.99,2.0,14,364,314
78.55555555555554,4.8,7.991481456572267,360,0.99,2.0,15,364,315
33.66666666666667,4.9,7.966506350946109,360,0.99,2.0,16,364,316
0.0,4.9,7.9267766952966365,360,0.99,2.0,17,364,317
0.0,4.8,7.875,360,0.99,2.0,18,364,318
0.0,4.6,7.81470476127563,360,0.99,2.0,19,364,319
0.0,4.3,7.75,360,0.99,3.0,20,364,320
0.0,4.1,7.68529523872437,360,0.99,2.0,21,364,321
0.0,4.1,7.625,360,0.99,2.0,22,364,322
0.0,4.1,7.5732233047033635,360,0.99,2.0,23,364,323
0.0,4.2,7.533493649053891,360,0.99,2.0,24,364,324
0.0,3.9,7.60511112605664,360,0.99,3.0,1,365,325
0.0,3.6,7.6,360,0.99,2.0,2,365,326
0.0,3.5,7.60511112605664,360,0.99,3.0,3,365,327
0.0,3.4,7.620096189432334,360,0.99,2.0,4,365,328
0.0,3.2,7.643933982822017,360,0.99,2.0,5,365,329
0.0,2.9,7.675,360,0.99,2.0,6,365,330
0.0,2.8,7.711177143234622,360,0.99,2.0,7,365,331
0.0,2.7,7.75,360,0.99,3.0,8,365,332
22.444444444444443,2.8,7.788822856765378,360,0.99,3.0,9,365,333
67.33333333333334,2.9,7.825,360,0.99,3.0,10,365,334
112.22222222222223,3.2,7.856066017177983,360,0.99,3.0,11,365,335
190.77777777777777,3.6,7.879903810567666,360,0.99,3.0,12,365,336
213.22222222222223,4.0,7.89488887394336,360,0.99,2.0,13,365,337
157.1111111111111,4.1,7.9,360,0.99,2.0,14,365,338
89.77777777777777,3.9,7.89488887394336,360,0.99,2.0,15,365,339
33.66666666666667,3.6,7.879903810567666,360,0.99,2.0,16,365,340
0.0,3.3,7.856066017177983,360,0.99,3.0,17,365,341
0.0,3.1,7.825,360,0.99,3.0,18,365,342
0.0,3.1,7.788822856765378,360,0.99,3.0,19,365,343
0.0,3.2,7.75,360,0.99,3.0,20,365,344
0.0,3.2,7.711177143234622,360,0.99,2.0,21,365,345
0.0,3.3,7.675,360,0.99,2.0,22,365,346
0.0,3.5,7.643933982822017,360,0.99,2.0,23,365,347
0.0,3.5,7.620096189432334,360,0.99,1.0,24,365,348
0.0,3.3,7.610222252113279,360,0.99,2.0,1,366,349
0.0,3.4,7.6,360,0.99,2.0,2,366,350
0.0,3.6,7.610222252113279,360,0.99,2.0,3,366,351
0.0,3.7,7.640192378864668,360,0.99,2.0,4,366,352
0.0,3.8,7.687867965644036,360,0.99,2.0,5,366,353
0.0,3.7,7.749999999999999,360,0.99,2.0,6,366,354
0.0,3.8,7.822354286469244,360,0.99,2.0,7,366,355
0.0,3.8,7.8999999999999995,360,0.99,2.0,8,366,356
67.33333333333334,4.2,7.977645713530755,360,0.99,2.0,9,366,357
213.22222222222223,5.0,8.049999999999999,360,0.99,3.0,10,366,358
437.6666666666667,5.7,8.112132034355964,360,0.99,3.0,11,366,359
505.0,7.1,8.15980762113533,360,0.99,4.0,12,366,360
527.4444444444445,6.3,8.189777747886719,360,0.95,4.0,13,366,361
291.77777777777777,6.0,8.2,360,0.93,4.0,14,366,362
145.88888888888889,5.2,8.189777747886719,360,0.93,3.0,15,366,363
56.111111111111114,4.8,8.15980762113533,360,0.94,3.0,16,366,364
11.222222222222221,3.9,8.112132034355964,360,0.95,3.0,17,366,365
0.0,3.1,8.049999999999999,360,0.96,3.0,18,366,366
0.0,3.0,7.977645713530755,360,0.97,3.0,19,366,367
0.0,2.9,7.8999999999999995,360,0.97,3.0,20,366,368
0.0,2.3,7.822354286469244,360,0.98,4.0,21,366,369
0.0,1.7,7.75,360,0.98,4.0,22,366,370
0.0,0.9,7.687867965644036,360,0.98,4.0,23,366,371
0.0,0.2,7.640192378864668,360,0.99,6.0,24,366,372
0.0,0.2,7.10511112605664,360,0.99,5.0,1,1,373
0.0,0.4,7.1,360,0.99,4.0,2,1,374
0.0,0.3,7.10511112605664,360,0.99,5.0,3,1,375
0.0,0.2,7.120096189432334,360,0.99,4.0,4,1,376
0.0,0.3,7.143933982822017,360,0.99,4.0,5,1,377
0.0,0.1,7.175,360,0.99,6.0,6,1,378
0.0,0.0,7.211177143234622,360,0.99,6.0,7,1,379
0.0,-0.1,7.25,360,0.99,5.0,8,1,380
67.33333333333334,-0.1,7.288822856765378,360,0.99,8.0,9,1,381
190.77777777777777,0.3,7.325,360,0.99,8.0,10,1,382
280.55555555555554,0.3,7.356066017177983,360,0.99,8.0,11,1,383
415.2222222222223,1.0,7.379903810567666,360,0.99,8.0,12,1,384
482.5555555555556,1.7,7.39488887394336,360,0.99,8.0,13,1,385
291.77777777777777,1.8,7.4,360,0.99,8.0,14,1,386
168.33333333333331,2.3,7.39488887394336,360,0.99,7.0,15,1,387
56.111111111111114,3.1,7.379903810567666,360,0.99,6.0,16,1,388
11.222222222222221,3.0,7.356066017177983,360,0.99,7.0,17,1,389
0.0,3.5,7.325,360,0.99,4.0,18,1,390
0.0,4.3,7.288822856765378,360,0.99,8.0,19,1,391
0.0,5.1,7.25,360,0.98,8.0,20,1,392
0.0,5.5,7.211177143234622,360,0.97,8.0,21,1,393
0.0,5.9,7.175,360,0.95,8.0,22,1,394
0.0,6.0,7.143933982822017,360,0.93,8.0,23,1,395
0.0,6.1,7.120096189432334,360,0.93,8.0,24,1,396
0.0,6.5,6.911925960798826,360,0.94,8.0,1,2,397
0.0,7.0,6.9,360,0.94,8.0,2,2,398
0.0,6.8,6.911925960798826,360,0.91,9.0,3,2,399
0.0,6.6,6.946891108675446,360,0.9,10.0,4,2,400
0.0,7.0,7.002512626584709,360,0.91,10.0,5,2,401
0.0,7.7,7.075,360,0.9,10.0,6,2,402
0.0,8.0,7.1594133342141175,360,0.9,9.0,7,2,403
0.0,8.1,7.25,360,0.92,10.0,8,2,404
11.222222222222221,8.8,7.3405866657858825,360,0.94,11.0,9,2,405
44.888888888888886,9.6,7.425,360,0.95,12.0,10,2,406
22.444444444444443,9.6,7.497487373415291,360,0.96,11.0,11,2,407
33.66666666666667,6.5,7.553108891324554,360,0.96,8.0,12,2,408
56.111111111111114,6.0,7.588074039201174,360,0.97,5.0,13,2,409
67.33333333333334,5.8,7.6,360,0.97,4.0,14,2,410
89.77777777777777,5.8,7.588074039201174,360,0.97,5.0,15,2,411
33.66666666666667,5.7,7.553108891324554,360,0.97,4.0,16,2,412
0.0,5.3,7.497487373415291,360,0.97,4.0,17,2,413
0.0,5.1,7.425,360,0.97,3.0,18,2,414
0.0,5.1,7.3405866657858825,360,0.97,2.0,19,2,415
0.0,5.1,7.25,360,0.97,0.0,20,2,416
0.0,5.0,7.1594133342141175,360,0.97,2.0,21,2,417
0.0,5.1,7.075,360,0.98,2.0,22,2,418
0.0,5.0,7.002512626584709,360,0.98,2.0,23,2,419
0.0,4.8,6.946891108675446,360,0.98,2.0,24,2,420
0.0,4.5,7.203407417371094,360,0.98,2.0,1,3,421
0.0,4.5,7.200000000000001,360,0.98,2.0,2,3,422
0.0,4.3,7.203407417371094,360,0.98,4.0,3,3,423
0.0,4.2,7.213397459621556,360,0.98,4.0,4,3,424
0.0,4.0,7.229289321881346,360,0.98,4.0,5,3,425
0.0,3.7,7.250000000000001,360,0.98,4.0,6,3,426
0.0,3.5,7.274118095489748,360,0.98,4.0,7,3,427
0.0,3.4,7.300000000000001,360,0.98,4.0,8,3,428
56.111111111111114,3.4,7.325881904510253,360,0.98,5.0,9,3,429
78.55555555555554,3.4,7.3500000000000005,360,0.97,5.0,10,3,430
123.44444444444446,3.5,7.370710678118655,360,0.97,6.0,11,3,431
213.22222222222223,4.1,7.386602540378445,360,0.96,6.0,12,3,432
235.66666666666669,4.2,7.396592582628908,360,0.93,6.0,13,3,433
190.77777777777777,3.7,7.4,360,0.86,7.0,14,3,434
168.33333333333331,3.6,7.396592582628908,360,0.82,6.0,15,3,435
78.55555555555554,2.6,7.386602540378445,360,0.82,6.0,16,3,436
11.222222222222221,1.6,7.370710678118655,360,0.85,6.0,17,3,437
0.0,1.1,7.3500000000000005,360,0.88,5.0,18,3,438
0.0,0.8,7.325881904510253,360,0.88,5.0,19,3,439
0.0,0.9,7.300000000000001,360,0.89,6.0,20,3,440
0.0,0.9,7.274118095489748,360,0.89,6.0,21,3,441
0.0,1.1,7.250000000000001,360,0.9,6.0,22,3,442
0.0,1.3,7.229289321881346,360,0.9,6.0,23,3,443
0.0,1.3,7.213397459621556,360,0.88,6.0,24,3,444
0.0,1.1,6.237481591082026,360,0.87,5.0,1,4,445
0.0,0.9,6.200000000000001,360,0.88,4.0,2,4,446
0.0,0.8,6.237481591082025,360,0.89,5.0,3,4,447
0.0,0.9,6.347372055837118,360,0.89,5.0,4,4,448
0.0,0.9,6.522182540694798,360,0.89,4.0,5,4,449
0.0,0.9,6.75,360,0.89,4.0,6,4,450
0.0,0.6,7.015299050387228,360,0.91,4.0,7,4,451
0.0,0.6,7.300000000000001,360,0.94,4.0,8,4,452
78.55555555555554,1.1,7.584700949612774,360,0.95,3.0,9,4,453
134.66666666666669,2.0,7.8500000000000005,360,0.96,2.0,10,4,454
190.77777777777777,3.0,8.077817459305203,360,0.97,3.0,11,4,455
145.88888888888889,4.1,8.252627944162883,360,0.98,2.0,12,4,456
157.1111111111111,5.9,8.362518408917976,360,0.98,2.0,13,4,457
67.33333333333334,7.4,8.4,360,0.98,4.0,14,4,458
56.111111111111114,11.1,8.362518408917976,360,0.98,8.0,15,4,459
33.66666666666667,11.4,8.252627944162883,360,0.98,9.0,16,4,460
0.0,11.5,8.077817459305203,360,0.98,12.0,17,4,461
0.0,11.6,7.8500000000000005,360,0.98,10.0,18,4,462
0.0,11.4,7.584700949612774,360,0.98,10.0,19,4,463
0.0,11.4,7.300000000000001,360,0.97,10.0,20,4,464
0.0,11.1,7.015299050387228,360,0.97,10.0,21,4,465
0.0,11.2,6.750000000000001,360,0.96,10.0,22,4,466
0.0,11.6,6.522182540694798,360,0.95,7.0,23,4,467
0.0,11.6,6.347372055837118,360,0.96,8.0,24,4,468
0.0,11.7,7.230666756339838,360,0.95,8.0,1,5,469
0.0,11.6,7.199999999999999,360,0.95,9.0,2,5,470
0.0,11.4,7.230666756339838,360,0.94,8.0,3,5,471
0.0,11.3,7.320577136594005,360,0.92,8.0,4,5,472
0.0,11.2,7.463603896932106,360,0.91,8.0,5,5,473
0.0,10.9,7.6499999999999995,360,0.92,7.0,6,5,474
0.0,10.4,7.867062859407731,360,0.92,9.0,7,5,475
0.0,10.5,8.1,360,0.9,9.0,8,5,476
33.66666666666667,10.7,8.332937140592268,360,0.84,9.0,9,5,477
89.77777777777777,10.3,8.549999999999999,360,0.86,10.0,10,5,478
224.44444444444446,10.9,8.736396103067893,360,0.83,10.0,11,5,479
359.1111111111111,12.1,8.879422863405994,360,0.76,10.0,12,5,480
437.6666666666667,12.6,8.969333243660161,360,0.75,10.0,13,5,481
224.44444444444446,12.2,9.0,360,0.76,11.0,14,5,482
213.22222222222223,12.0,8.969333243660161,360,0.76,9.0,15,5,483
101.0,11.7,8.879422863405994,360,0.77,10.0,16,5,484
11.222222222222221,11.4,8.736396103067893,360,0.76,10.0,17,5,485
0.0,11.3,8.549999999999999,360,0.77,11.0,18,5,486
0.0,11.0,8.332937140592268,360,0.81,12.0,19,5,487
0.0,10.9,8.1,360,0.82,12.0,20,5,488
0.0,11.0,7.867062859407731,360,0.83,12.0,21,5,489
0.0,11.3,7.65,360,0.8,14.0,22,5,490
0.0,11.4,7.463603896932107,360,0.79,13.0,23,5,491
0.0,11.5,7.320577136594005,360,0.78,12.0,24,5,492
0.0,11.5,9.001703708685547,360,0.77,13.0,1,6,493
0.0,11.1,9.0,360,0.8,12.0,2,6,494
0.0,11.4,9.001703708685547,360,0.79,12.0,3,6,495
0.0,11.1,9.006698729810779,360,0.79,13.0,4,6,496
0.0,11.4,9.014644660940673,360,0.77,12.0,5,6,497
0.0,11.0,9.025,360,0.78,15.0,6,6,498
0.0,10.7,9.037059047744874,360,0.87,16.0,7,6,499
0.0,9.8,9.05,360,0.91,16.0,8,6,500
56.111111111111114,9.3,9.062940952255127,360,0.9,14.0,9,6,501
179.55555555555554,9.3,9.075000000000001,360,0.88,14.0,10,6,502
269.33333333333337,9.0,9.085355339059328,360,0.83,11.0,11,6,503
314.2222222222222,8.7,9.093301270189222,360,0.82,10.0,12,6,504
246.8888888888889,8.5,9.098296291314455,360,0.82,10.0,13,6,505
527.4444444444445,9.2,9.100000000000001,360,0.73,10.0,14,6,506
347.8888888888889,9.0,9.098296291314455,360,0.73,8.0,15,6,507
190.77777777777777,8.3,9.093301270189222,360,0.71,7.0,16,6,508
0.0,7.1,9.085355339059328,360,0.79,8.0,17,6,509
0.0,7.1,9.075000000000001,360,0.82,6.0,18,6,510
0.0,7.0,9.062940952255127,360,0.84,9.0,19,6,511
0.0,6.5,9.05,360,0.86,7.0,20,6,512
0.0,6.4,9.037059047744874,360,0.88,6.0,21,6,513
0.0,6.3,9.025,360,0.9,8.0,22,6,514
0.0,5.8,9.014644660940673,360,0.88,10.0,23,6,515
0.0,5.8,9.006698729810779,360,0.89,6.0,24,6,516
0.0,5.4,7.72044450422656,360,0.92,6.0,1,7,517
0.0,5.1,7.700000000000001,360,0.93,6.0,2,7,518
0.0,4.8,7.72044450422656,360,0.94,6.0,3,7,519
0.0,4.8,7.780384757729338,360,0.95,4.0,4,7,520
0.0,5.0,7.875735931288072,360,0.95,4.0,5,7,521
0.0,4.5,8.0,360,0.96,3.0,6,7,522
0.0,4.2,8.14470857293849,360,0.96,4.0,7,7,523
11.222222222222221,4.1,8.3,360,0.96,4.0,8,7,524
134.66666666666669,4.8,8.455291427061514,360,0.96,4.0,9,7,525
280.55555555555554,6.3,8.600000000000001,360,0.96,4.0,10,7,526
415.2222222222223,7.5,8.72426406871193,360,0.94,5.0,11,7,527
235.66666666666669,8.2,8.819615242270665,360,0.92,4.0,12,7,528
269.33333333333337,8.6,8.879555495773442,360,0.88,6.0,13,7,529
134.66666666666669,8.4,8.9,360,0.92,5.0,14,7,530
89.77777777777777,8.5,8.879555495773442,360,0.94,6.0,15,7,531
22.444444444444443,8.5,8.819615242270665,360,0.94,6.0,16,7,532
11.222222222222221,8.5,8.72426406871193,360,0.95,7.0,17,7,533
0.0,8.3,8.600000000000001,360,0.95,10.0,18,7,534
0.0,8.0,8.455291427061514,360,0.94,9.0,19,7,535
0.0,7.6,8.3,360,0.94,8.0,20,7,536
0.0,7.5,8.14470857293849,360,0.95,7.0,21,7,537
0.0,7.7,8.0,360,0.96,6.0,22,7,538
0.0,8.7,7.875735931288072,360,0.97,6.0,23,7,539
0.0,11.3,7.780384757729338,360,0.97,9.0,24,7,540
0.0,12.0,8.228963047654291,360,0.97,9.0,1,8,541
0.0,12.2,8.2,360,0.97,8.0,2,8,542
0.0,12.3,8.228963047654291,360,0.98,9.0,3,8,543
0.0,13.1,8.313878406783227,360,0.97,13.0,4,8,544
0.0,13.3,8.448959235991435,360,0.96,12.0,5,8,545
0.0,12.6,8.625,360,0.94,12.0,6,8,546
0.0,12.3,8.830003811662857,360,0.94,8.0,7,8,547
0.0,12.3,9.05,360,0.93,8.0,8,8,548
44.888888888888886,12.2,9.269996188337144,360,0.91,8.0,9,8,549
123.44444444444446,12.7,9.475000000000001,360,0.85,10.0,10,8,550
168.33333333333331,12.9,9.651040764008567,360,0.8,14.0,11,8,551
347.8888888888889,13.7,9.786121593216775,360,0.73,12.0,12,8,552
134.66666666666669,12.6,9.87103695234571,360,0.81,14.0,13,8,553
78.55555555555554,11.9,9.900000000000002,360,0.86,12.0,14,8,554
33.66666666666667,11.9,9.87103695234571,360,0.9,11.0,15,8,555
11.222222222222221,11.6,9.786121593216775,360,0.92,11.0,16,8,556
11.222222222222221,11.7,9.651040764008567,360,0.93,11.0,17,8,557
0.0,11.5,9.475000000000001,360,0.93,10.0,18,8,558
0.0,11.4,9.269996188337144,360,0.92,9.0,19,8,559
0.0,11.5,9.05,360,0.9,9.0,20,8,560
0.0,11.3,8.830003811662857,360,0.87,12.0,21,8,561
0.0,11.2,8.625,360,0.9,12.0,22,8,562
0.0,11.0,8.448959235991435,360,0.91,14.0,23,8,563
0.0,11.0,8.313878406783227,360,0.92,13.0,24,8,564
0.0,11.5,9.706814834742184,360,0.94,12.0,1,9,565
0.0,12.2,9.7,360,0.93,15.0,2,9,566
0.0,12.1,9.706814834742184,360,0.91,16.0,3,9,567
0.0,12.2,9.72679491924311,360,0.92,15.0,4,9,568
0.0,12.1,9.75857864376269,360,0.92,18.0,5,9,569
0.0,11.9,9.799999999999999,360,0.93,13.0,6,9,570
0.0,11.3,9.848236190979494,360,0.93,12.0,7,9,571
0.0,11.0,9.899999999999999,360,0.94,10.0,8,9,572
78.55555555555554,11.2,9.951763809020504,360,0.95,10.0,9,9,573
123.44444444444446,11.4,9.999999999999998,360,0.95,8.0,10,9,574
202.0,9.2,10.041421356237308,360,0.94,10.0,11,9,575
235.66666666666669,7.8,10.073205080756887,360,0.88,11.0,12,9,576
460.11111111111114,8.2,10.093185165257813,360,0.73,9.0,13,9,577
258.11111111111114,7.8,10.099999999999998,360,0.73,8.0,14,9,578
314.2222222222222,8.1,10.093185165257813,360,0.71,7.0,15,9,579
269.33333333333337,7.4,10.073205080756887,360,0.69,6.0,16,9,580
22.444444444444443,6.2,10.041421356237308,360,0.74,3.0,17,9,581
0.0,6.0,9.999999999999998,360,0.77,2.0,18,9,582
0.0,4.4,9.951763809020504,360,0.86,1.0,19,9,583
0.0,4.7,9.899999999999999,360,0.91,2.0,20,9,584
0.0,4.6,9.848236190979494,360,0.92,1.0,21,9,585
0.0,4.4,9.799999999999999,360,0.93,1.0,22,9,586
0.0,4.8,9.75857864376269,360,0.94,2.0,23,9,587
0.0,5.0,9.72679491924311,360,0.94,2.0,24,9,588
0.0,5.2,8.406814834742187,360,0.91,2.0,1,10,589
0.0,4.8,8.400000000000002,360,0.91,3.0,2,10,590
0.0,4.9,8.406814834742187,360,0.91,4.0,3,10,591
0.0,4.5,8.426794919243113,360,0.92,4.0,4,10,592
0.0,4.6,8.458578643762692,360,0.94,4.0,5,10,593
0.0,4.6,8.500000000000002,360,0.96,5.0,6,10,594
0.0,4.7,8.548236190979496,360,0.97,5.0,7,10,595
0.0,4.7,8.600000000000001,360,0.97,5.0,8,10,596
44.888888888888886,5.0,8.651763809020506,360,0.97,5.0,9,10,597
67.33333333333334,5.2,8.700000000000001,360,0.98,5.0,10,10,598
101.0,5.5,8.74142135623731,360,0.98,3.0,11,10,599
145.88888888888889,5.6,8.77320508075689,360,0.98,3.0,12,10,600
168.33333333333331,5.7,8.793185165257816,360,0.98,3.0,13,10,601
179.55555555555554,5.9,8.8,360,0.98,3.0,14,10,602
134.66666666666669,6.1,8.793185165257816,360,0.98,2.0,15,10,603
44.888888888888886,6.0,8.77320508075689,360,0.98,3.0,16,10,604
11.222222222222221,5.9,8.74142135623731,360,0.99,2.0,17,10,605
0.0,5.7,8.700000000000001,360,0.99,2.0,18,10,606
0.0,5.5,8.651763809020506,360,0.99,2.0,19,10,607
0.0,5.4,8.600000000000001,360,0.99,4.0,20,10,608
0.0,4.8,8.548236190979496,360,0.99,4.0,21,10,609
0.0,4.4,8.500000000000002,360,0.99,4.0,22,10,610
0.0,4.0,8.458578643762692,360,0.99,4.0,23,10,611
0.0,3.8,8.426794919243113,360,0.99,4.0,24,10,612
0.0,3.7,7.805111126056639,360,0.99,4.0,1,11,613
0.0,3.5,7.799999999999999,360,0.99,4.0,2,11,614
0.0,3.4,7.805111126056639,360,0.99,6.0,3,11,615
0.0,3.5,7.820096189432333,360,0.99,7.0,4,11,616
0.0,3.6,7.843933982822017,360,0.99,6.0,5,11,617
0.0,3.6,7.874999999999999,360,0.99,5.0,6,11,618
0.0,3.5,7.911177143234621,360,0.99,4.0,7,11,619
0.0,3.1,7.949999999999999,360,0.98,5.0,8,11,620
56.111111111111114,2.9,7.988822856765378,360,0.98,4.0,9,11,621
112.22222222222223,2.8,8.024999999999999,360,0.97,6.0,10,11,622
415.2222222222223,4.0,8.056066017177981,360,0.97,5.0,11,11,623
336.66666666666663,3.5,8.079903810567664,360,0.95,6.0,12,11,624
729.4444444444443,4.6,8.09488887394336,360,0.89,6.0,13,11,625
673.3333333333333,5.1,8.1,360,0.78,6.0,14,11,626
482.5555555555556,4.5,8.09488887394336,360,0.79,6.0,15,11,627
235.66666666666669,2.7,8.079903810567664,360,0.85,5.0,16,11,628
22.444444444444443,1.4,8.056066017177981,360,0.9,5.0,17,11,629
0.0,0.9,8.024999999999999,360,0.92,5.0,18,11,630
0.0,0.6,7.988822856765378,360,0.91,6.0,19,11,631
0.0,0.1,7.949999999999999,360,0.91,6.0,20,11,632
0.0,-0.3,7.911177143234621,360,0.91,6.0,21,11,633
0.0,-0.8,7.874999999999999,360,0.91,4.0,22,11,634
0.0,-1.0,7.843933982822017,360,0.92,4.0,23,11,635
0.0,-0.6,7.820096189432333,360,0.93,5.0,24,11,636
0.0,-0.8,6.4051111260566405,360,0.93,6.0,1,12,637
0.0,-0.8,6.4,360,0.93,6.0,2,12,638
0.0,-0.5,6.4051111260566405,360,0.94,5.0,3,12,639
0.0,-0.1,6.420096189432335,360,0.94,6.0,4,12,640
0.0,0.0,6.443933982822019,360,0.94,7.0,5,12,641
0.0,0.3,6.4750000000000005,360,0.92,6.0,6,12,642
0.0,0.5,6.511177143234622,360,0.88,6.0,7,12,643
11.222222222222221,0.3,6.550000000000001,360,0.85,6.0,8,12,644
157.1111111111111,0.7,6.588822856765379,360,0.84,6.0,9,12,645
415.2222222222223,1.5,6.625000000000001,360,0.81,7.0,10,12,646
628.4444444444443,2.6,6.656066017177983,360,0.78,7.0,11,12,647
729.4444444444443,2.8,6.679903810567667,360,0.81,6.0,12,12,648
763.1111111111111,3.4,6.694888873943361,360,0.78,7.0,13,12,649
684.5555555555557,4.2,6.700000000000001,360,0.76,6.0,14,12,650
325.44444444444446,3.8,6.694888873943361,360,0.76,7.0,15,12,651
78.55555555555554,3.4,6.679903810567667,360,0.7,8.0,16,12,652
11.222222222222221,3.2,6.656066017177983,360,0.71,9.0,17,12,653
0.0,2.9,6.625000000000001,360,0.74,8.0,18,12,654
0.0,2.8,6.588822856765379,360,0.73,8.0,19,12,655
0.0,2.5,6.550000000000001,360,0.71,10.0,20,12,656
0.0,1.7,6.511177143234622,360,0.71,8.0,21,12,657
0.0,0.6,6.4750000000000005,360,0.76,8.0,22,12,658
0.0,0.6,6.443933982822019,360,0.76,6.0,23,12,659
0.0,0.2,6.420096189432335,360,0.76,8.0,24,12,660
0.0,-0.2,5.1068148347421864,360,0.77,8.0,1,13,661
0.0,-0.6,5.1,360,0.78,6.0,2,13,662
0.0,-0.9,5.106814834742186,360,0.79,6.0,3,13,663
0.0,-1.2,5.126794919243112,360,0.81,6.0,4,13,664
0.0,-1.3,5.15857864376269,360,0.83,6.0,5,13,665
0.0,-1.2,5.199999999999999,360,0.82,6.0,6,13,666
0.0,-1.4,5.248236190979496,360,0.82,6.0,7,13,667
11.222222222222221,-2.3,5.3,360,0.84,5.0,8,13,668
190.77777777777777,-0.8,5.351763809020504,360,0.85,6.0,9,13,669
437.6666666666667,0.3,5.4,360,0.79,6.0,10,13,670
650.8888888888889,1.0,5.441421356237309,360,0.74,7.0,11,13,671
785.5555555555557,1.6,5.4732050807568875,360,0.71,7.0,12,13,672
796.7777777777777,2.3,5.493185165257814,360,0.7,6.0,13,13,673
718.2222222222222,2.9,5.5,360,0.67,6.0,14,13,674
527.4444444444445,3.1,5.493185165257814,360,0.64,6.0,15,13,675
269.33333333333337,2.1,5.4732050807568875,360,0.67,7.0,16,13,676
33.66666666666667,0.4,5.441421356237309,360,0.78,5.0,17,13,677
0.0,0.2,5.4,360,0.8,6.0,18,13,678
0.0,-0.2,5.351763809020504,360,0.82,6.0,19,13,679
0.0,-0.6,5.3,360,0.85,5.0,20,13,680
0.0,-1.7,5.248236190979496,360,0.87,5.0,21,13,681
0.0,-1.8,5.2,360,0.89,4.0,22,13,682
0.0,-2.6,5.158578643762691,360,0.9,3.0,23,13,683
0.0,-2.3,5.126794919243112,360,0.92,4.0,24,13,684
0.0,-2.7,3.908518543427733,360,0.91,4.0,1,14,685
0.0,-3.0,3.9000000000000004,360,0.91,6.0,2,14,686
0.0,-2.5,3.908518543427733,360,0.9,4.0,3,14,687
0.0,-3.4,3.9334936490538905,360,0.88,4.0,4,14,688
0.0,-4.4,3.9732233047033634,360,0.9,2.0,5,14,689
0.0,-4.8,4.025,360,0.91,3.0,6,14,690
0.0,-4.6,4.08529523872437,360,0.93,2.0,7,14,691
11.222222222222221,-5.3,4.15,360,0.93,2.0,8,14,692
370.33333333333337,-3.2,4.21470476127563,360,0.94,4.0,9,14,693
628.4444444444443,-1.7,4.275,360,0.94,5.0,10,14,694
718.2222222222222,-0.3,4.326776695296638,360,0.9,6.0,11,14,695
1021.2222222222222,1.5,4.366506350946111,360,0.78,6.0,12,14,696
942.6666666666667,2.4,4.391481456572268,360,0.7,5.0,13,14,697
740.6666666666667,3.3,4.4,360,0.66,4.0,14,14,698
527.4444444444445,3.3,4.391481456572268,360,0.63,5.0,15,14,699
258.11111111111114,1.9,4.366506350946111,360,0.67,5.0,16,14,700
22.444444444444443,-0.1,4.326776695296638,360,0.76,3.0,17,14,701
0.0,-0.6,4.275,360,0.85,3.0,18,14,702
0.0,-1.7,4.21470476127563,360,0.87,2.0,19,14,703
0.0,-1.3,4.15,360,0.87,3.0,20,14,704
0.0,-1.2,4.08529523872437,360,0.86,3.0,21,14,705
0.0,-1.4,4.025,360,0.86,3.0,22,14,706
0.0,-2.3,3.9732233047033634,360,0.86,3.0,23,14,707
0.0,-2.0,3.9334936490538905,360,0.89,3.0,24,14,708
0.0,-2.6,3.5221482129121062,360,0.9,2.0,1,15,709
0.0,-2.5,3.5000000000000004,360,0.91,3.0,2,15,710
0.0,-3.0,3.5221482129121062,360,0.91,3.0,3,15,711
0.0,-3.2,3.587083487540115,360,0.92,4.0,4,15,712
0.0,-3.5,3.6903805922287445,360,0.93,3.0,5,15,713
0.0,-3.5,3.825,360,0.93,4.0,6,15,714
0.0,-3.6,3.981767620683362,360,0.93,2.0,7,15,715
11.222222222222221,-3.1,4.15,360,0.94,2.0,8,15,716
303.0,-1.7,4.318232379316639,360,0.94,3.0,9,15,717
684.5555555555557,0.3,4.4750000000000005,360,0.92,4.0,10,15,718
763.1111111111111,2.4,4.609619407771256,360,0.81,4.0,11,15,719
695.7777777777778,4.2,4.712916512459885,360,0.66,4.0,12,15,720
684.5555555555557,4.7,4.7778517870878945,360,0.62,5.0,13,15,721
572.3333333333333,5.0,4.800000000000001,360,0.58,5.0,14,15,722
426.44444444444446,5.1,4.7778517870878945,360,0.63,4.0,15,15,723
101.0,4.0,4.712916512459885,360,0.75,4.0,16,15,724
11.222222222222221,3.5,4.609619407771256,360,0.87,5.0,17,15,725
0.0,3.0,4.4750000000000005,360,0.92,4.0,18,15,726
0.0,2.8,4.318232379316639,360,0.95,4.0,19,15,727
0.0,2.9,4.15,360,0.96,4.0,20,15,728
0.0,3.2,3.981767620683362,360,0.97,5.0,21,15,729
0.0,3.3,3.8250000000000006,360,0.98,5.0,22,15,730
0.0,3.4,3.6903805922287445,360,0.98,6.0,23,15,731
0.0,3.1,3.587083487540115,360,0.98,6.0,24,15,732
0.0,2.9,4.315333378169919,360,0.99,7.0,1,16,733
0.0,2.7,4.3,360,0.99,8.0,2,16,734
0.0,2.5,4.315333378169919,360,0.99,8.0,3,16,735
0.0,2.8,4.360288568297002,360,0.99,9.0,4,16,736
0.0,2.7,4.431801948466053,360,0.99,10.0,5,16,737
0.0,2.7,4.5249999999999995,360,0.98,9.0,6,16,738
0.0,2.9,4.633531429703866,360,0.98,9.0,7,16,739
0.0,2.7,4.75,360,0.97,10.0,8,16,740
33.66666666666667,2.7,4.866468570296134,360,0.96,8.0,9,16,741
89.77777777777777,2.5,4.9750000000000005,360,0.95,8.0,10,16,742
145.88888888888889,2.5,5.068198051533947,360,0.94,8.0,11,16,743
157.1111111111111,2.7,5.139711431702998,360,0.93,9.0,12,16,744
269.33333333333337,3.8,5.184666621830081,360,0.9,8.0,13,16,745
168.33333333333331,4.1,5.2,360,0.84,7.0,14,16,746
145.88888888888889,4.4,5.184666621830081,360,0.82,7.0,15,16,747
246.8888888888889,3.9,5.139711431702998,360,0.8,8.0,16,16,748
44.888888888888886,2.8,5.068198051533947,360,0.83,6.0,17,16,749
0.0,2.1,4.9750000000000005,360,0.87,4.0,18,16,750
0.0,1.1,4.866468570296134,360,0.89,4.0,19,16,751
0.0,0.3,4.75,360,0.91,2.0,20,16,752
0.0,0.0,4.633531429703866,360,0.93,2.0,21,16,753
0.0,-0.3,4.525,360,0.93,2.0,22,16,754
0.0,-0.7,4.431801948466053,360,0.94,2.0,23,16,755
0.0,-0.5,4.360288568297002,360,0.94,2.0,24,16,756
0.0,-1.1,3.7136296694843725,360,0.95,3.0,1,17,757
0.0,-1.5,3.6999999999999997,360,0.95,2.0,2,17,758
0.0,-2.1,3.7136296694843725,360,0.95,1.0,3,17,759
0.0,-2.0,3.7535898384862243,360,0.96,2.0,4,17,760
0.0,-2.7,3.8171572875253803,360,0.96,1.0,5,17,761
0.0,-2.8,3.8999999999999995,360,0.97,1.0,6,17,762
0.0,-3.2,3.9964723819589913,360,0.97,0.0,7,17,763
11.222222222222221,-3.6,4.1,360,0.96,2.0,8,17,764
280.55555555555554,-1.2,4.203527618041008,360,0.98,1.0,9,17,765
628.4444444444443,0.8,4.3,360,0.97,2.0,10,17,766
695.7777777777778,3.1,4.382842712474619,360,0.97,2.0,11,17,767
774.3333333333333,5.3,4.446410161513775,360,0.92,2.0,12,17,768
796.7777777777777,6.9,4.486370330515627,360,0.76,2.0,13,17,769
707.0000000000001,7.8,4.5,360,0.69,2.0,14,17,770
527.4444444444445,8.0,4.486370330515627,360,0.69,2.0,15,17,771
280.55555555555554,7.1,4.446410161513775,360,0.69,3.0,16,17,772
44.888888888888886,4.9,4.382842712474619,360,0.78,2.0,17,17,773
0.0,2.0,4.3,360,0.83,1.0,18,17,774
0.0,1.2,4.203527618041008,360,0.89,2.0,19,17,775
0.0,0.9,4.1,360,0.92,2.0,20,17,776
0.0,0.7,3.9964723819589913,360,0.93,2.0,21,17,777
0.0,0.0,3.9,360,0.94,2.0,22,17,778
0.0,-1.1,3.8171572875253807,360,0.95,2.0,23,17,779
0.0,-1.4,3.7535898384862243,360,0.96,4.0,24,17,780
0.0,-1.8,3.7085185434277332,360,0.97,4.0,1,18,781
0.0,-1.6,3.7,360,0.97,4.0,2,18,782
0.0,-1.5,3.7085185434277332,360,0.97,4.0,3,18,783
0.0,-1.5,3.7334936490538904,360,0.98,4.0,4,18,784
0.0,-1.6,3.773223304703363,360,0.98,4.0,5,18,785
0.0,-1.6,3.825,360,0.98,4.0,6,18,786
0.0,-1.6,3.88529523872437,360,0.98,4.0,7,18,787
0.0,-1.7,3.95,360,0.98,4.0,8,18,788
22.444444444444443,-1.6,4.01470476127563,360,0.99,5.0,9,18,789
67.33333333333334,-1.1,4.075,360,0.99,4.0,10,18,790
78.55555555555554,-0.8,4.126776695296637,360,0.99,4.0,11,18,791
101.0,-0.6,4.1665063509461095,360,0.99,4.0,12,18,792
89.77777777777777,-0.5,4.191481456572268,360,0.99,4.0,13,18,793
145.88888888888889,-0.2,4.2,360,0.99,2.0,14,18,794
89.77777777777777,-0.1,4.191481456572268,360,0.98,2.0,15,18,795
44.888888888888886,-0.1,4.1665063509461095,360,0.98,1.0,16,18,796
0.0,-0.2,4.126776695296637,360,0.98,1.0,17,18,797
0.0,-0.2,4.075,360,0.98,2.0,18,18,798
0.0,-0.2,4.01470476127563,360,0.97,3.0,19,18,799
0.0,-0.3,3.95,360,0.97,2.0,20,18,800
0.0,-0.5,3.88529523872437,360,0.96,3.0,21,18,801
0.0,-0.8,3.825,360,0.95,4.0,22,18,802
0.0,-0.9,3.773223304703363,360,0.95,4.0,23,18,803
0.0,-1.0,3.7334936490538904,360,0.95,2.0,24,18,804
0.0,-1.1,4.008518543427733,360,0.95,2.0,1,19,805
0.0,-1.3,4.0,360,0.95,2.0,2,19,806
0.0,-1.4,4.008518543427733,360,0.95,3.0,3,19,807
0.0,-1.3,4.033493649053891,360,0.95,4.0,4,19,808
0.0,-1.2,4.0732233047033635,360,0.96,2.0,5,19,809
0.0,-0.6,4.125,360,0.96,2.0,6,19,810
0.0,-1.1,4.18529523872437,360,0.96,2.0,7,19,811
11.222222222222221,-1.8,4.25,360,0.97,1.0,8,19,812
145.88888888888889,-0.4,4.31470476127563,360,0.97,2.0,9,19,813
505.0,0.3,4.375,360,0.97,4.0,10,19,814
303.0,0.4,4.4267766952966365,360,0.97,5.0,11,19,815
325.44444444444446,0.9,4.466506350946109,360,0.96,6.0,12,19,816
460.11111111111114,1.5,4.491481456572267,360,0.96,4.0,13,19,817
561.1111111111111,2.9,4.5,360,0.95,4.0,14,19,818
527.4444444444445,2.9,4.491481456572267,360,0.89,5.0,15,19,819
168.33333333333331,1.4,4.466506350946109,360,0.89,5.0,16,19,820
44.888888888888886,0.4,4.4267766952966365,360,0.91,4.0,17,19,821
0.0,0.4,4.375,360,0.93,4.0,18,19,822
0.0,-0.6,4.31470476127563,360,0.94,4.0,19,19,823
0.0,-0.9,4.25,360,0.95,4.0,20,19,824
0.0,-0.8,4.18529523872437,360,0.96,4.0,21,19,825
0.0,-0.9,4.125,360,0.97,4.0,22,19,826
0.0,-0.6,4.0732233047033635,360,0.97,4.0,23,19,827
0.0,-0.5,4.033493649053891,360,0.98,4.0,24,19,828
0.0,-1.0,4.113629669484372,360,0.98,4.0,1,20,829
0.0,-1.1,4.1,360,0.98,4.0,2,20,830
0.0,-1.2,4.113629669484372,360,0.98,4.0,3,20,831
0.0,-1.6,4.153589838486224,360,0.98,4.0,4,20,832
0.0,-1.6,4.217157287525381,360,0.98,4.0,5,20,833
0.0,-1.6,4.3,360,0.99,4.0,6,20,834
0.0,-1.6,4.396472381958992,360,0.99,4.0,7,20,835
11.222222222222221,-1.5,4.5,360,0.99,4.0,8,20,836
89.77777777777777,-1.0,4.603527618041008,360,0.99,4.0,9,20,837
168.33333333333331,-0.8,4.7,360,0.99,4.0,10,20,838
325.44444444444446,0.0,4.782842712474619,360,0.99,4.0,11,20,839
437.6666666666667,0.9,4.846410161513775,360,0.99,2.0,12,20,840
617.2222222222222,3.4,4.886370330515628,360,0.99,2.0,13,20,841
718.2222222222222,5.9,4.9,360,0.99,3.0,14,20,842
527.4444444444445,6.9,4.886370330515628,360,0.98,3.0,15,20,843
246.8888888888889,5.5,4.846410161513775,360,0.86,3.0,16,20,844
44.888888888888886,4.1,4.782842712474619,360,0.84,3.0,17,20,845
0.0,3.5,4.7,360,0.88,3.0,18,20,846
0.0,2.6,4.603527618041008,360,0.88,2.0,19,20,847
0.0,1.7,4.5,360,0.92,1.0,20,20,848
0.0,1.2,4.396472381958992,360,0.94,2.0,21,20,849
0.0,0.1,4.3,360,0.94,2.0,22,20,850
0.0,0.4,4.217157287525381,360,0.95,2.0,23,20,851
0.0,0.0,4.153589838486225,360,0.96,1.0,24,20,852
0.0,-0.2,3.734074173710932,360,0.97,1.0,1,21,853
0.0,-0.1,3.7,360,0.97,2.0,2,21,854
0.0,-0.4,3.734074173710932,360,0.97,2.0,3,21,855
0.0,-1.6,3.8339745962155614,360,0.97,2.0,4,21,856
0.0,-1.2,3.9928932188134523,360,0.98,2.0,5,21,857
0.0,-1.7,4.199999999999999,360,0.98,2.0,6,21,858
0.0,-1.7,4.441180954897479,360,0.98,1.0,7,21,859
0.0,-1.7,4.7,360,0.99,1.0,8,21,860
258.11111111111114,0.5,4.958819045102521,360,0.99,2.0,9,21,861
482.5555555555556,3.9,5.2,360,0.99,2.0,10,21,862
572.3333333333333,5.6,5.407106781186548,360,0.97,2.0,11,21,863
493.7777777777778,7.0,5.5660254037844386,360,0.97,4.0,12,21,864
650.8888888888889,9.3,5.665925826289069,360,0.82,4.0,13,21,865
516.2222222222223,9.9,5.7,360,0.73,5.0,14,21,866
269.33333333333337,9.7,5.665925826289069,360,0.76,4.0,15,21,867
134.66666666666669,8.9,5.5660254037844386,360,0.79,3.0,16,21,868
11.222222222222221,8.5,5.407106781186548,360,0.81,2.0,17,21,869
0.0,8.1,5.2,360,0.81,1.0,18,21,870
0.0,7.2,4.958819045102521,360,0.84,1.0,19,21,871
0.0,7.2,4.7,360,0.87,1.0,20,21,872
0.0,8.4,4.441180954897479,360,0.89,3.0,21,21,873
0.0,8.6,4.2,360,0.88,5.0,22,21,874
0.0,8.2,3.9928932188134527,360,0.91,5.0,23,21,875
0.0,9.0,3.8339745962155614,360,0.91,8.0,24,21,876
0.0,8.9,4.942592717138665,360,0.88,8.0,1,22,877
0.0,9.0,4.9,360,0.88,9.0,2,22,878
0.0,8.9,4.942592717138665,360,0.89,8.0,3,22,879
0.0,8.0,5.067468245269452,360,0.91,6.0,4,22,880
0.0,7.8,5.266116523516816,360,0.92,7.0,5,22,881
0.0,7.5,5.5249999999999995,360,0.94,6.0,6,22,882
0.0,7.6,5.82647619362185,360,0.94,8.0,7,22,883
22.444444444444443,7.5,6.15,360,0.95,6.0,8,22,884
157.1111111111111,8.0,6.473523806378151,360,0.95,5.0,9,22,885
303.0,9.8,6.775,360,0.94,6.0,10,22,886
516.2222222222223,11.8,7.033883476483185,360,0.84,6.0,11,22,887
448.8888888888889,12.0,7.232531754730549,360,0.8,8.0,12,22,888
224.44444444444446,11.6,7.3574072828613355,360,0.84,6.0,13,22,889
123.44444444444446,12.0,7.4,360,0.81,7.0,14,22,890
67.33333333333334,11.1,7.3574072828613355,360,0.88,8.0,15,22,891
56.111111111111114,11.3,7.232531754730549,360,0.9,7.0,16,22,892
0.0,10.7,7.033883476483185,360,0.92,8.0,17,22,893
0.0,10.8,6.775,360,0.94,7.0,18,22,894
0.0,10.8,6.473523806378151,360,0.95,7.0,19,22,895
0.0,10.9,6.15,360,0.95,8.0,20,22,896
0.0,10.8,5.82647619362185,360,0.96,8.0,21,22,897
0.0,8.4,5.525,360,0.96,7.0,22,22,898
0.0,7.6,5.266116523516816,360,0.95,7.0,23,22,899
11.222222222222221,7.0,5.067468245269452,360,0.94,6.0,24,22,900
0.0,6.5,6.510222252113279,360,0.9,6.0,1,23,901
0.0,5.1,6.5,360,0.89,4.0,2,23,902
0.0,3.1,6.510222252113279,360,0.91,2.0,3,23,903
0.0,3.3,6.540192378864669,360,0.94,2.0,4,23,904
0.0,2.9,6.587867965644036,360,0.96,4.0,5,23,905
0.0,3.7,6.6499999999999995,360,0.97,4.0,6,23,906
0.0,4.4,6.722354286469244,360,0.97,4.0,7,23,907
11.222222222222221,4.0,6.8,360,0.97,3.0,8,23,908
190.77777777777777,5.3,6.877645713530756,360,0.98,4.0,9,23,909
493.7777777777778,7.1,6.95,360,0.98,5.0,10,23,910
561.1111111111111,7.8,7.012132034355964,360,0.96,5.0,11,23,911
381.55555555555554,6.9,7.059807621135331,360,0.92,6.0,12,23,912
628.4444444444443,8.8,7.08977774788672,360,0.86,8.0,13,23,913
493.7777777777778,9.0,7.1,360,0.8,7.0,14,23,914
157.1111111111111,9.0,7.08977774788672,360,0.78,7.0,15,23,915
202.0,9.0,7.059807621135331,360,0.76,7.0,16,23,916
56.111111111111114,8.1,7.012132034355964,360,0.82,6.0,17,23,917
0.0,8.0,6.95,360,0.83,6.0,18,23,918
0.0,7.4,6.877645713530756,360,0.85,6.0,19,23,919
0.0,6.6,6.8,360,0.87,6.0,20,23,920
0.0,6.7,6.722354286469244,360,0.87,6.0,21,23,921
0.0,6.3,6.65,360,0.88,8.0,22,23,922
0.0,6.3,6.587867965644036,360,0.87,8.0,23,23,923
0.0,6.0,6.540192378864669,360,0.86,8.0,24,23,924
0.0,6.0,6.420444504226559,360,0.86,9.0,1,24,925
0.0,5.9,6.4,360,0.86,9.0,2,24,926
0.0,6.1,6.420444504226559,360,0.84,10.0,3,24,927
0.0,5.9,6.480384757729337,360,0.82,11.0,4,24,928
0.0,6.0,6.575735931288071,360,0.82,11.0,5,24,929
0.0,6.1,6.7,360,0.83,8.0,6,24,930
0.0,6.5,6.844708572938488,360,0.83,9.0,7,24,931
11.222222222222221,6.9,7.0,360,0.82,9.0,8,24,932
78.55555555555554,7.3,7.155291427061512,360,0.83,8.0,9,24,933
168.33333333333331,8.3,7.3,360,0.83,10.0,10,24,934
347.8888888888889,9.7,7.424264068711929,360,0.78,10.0,11,24,935
448.8888888888889,10.8,7.519615242270663,360,0.75,10.0,12,24,936
314.2222222222222,11.4,7.579555495773441,360,0.74,9.0,13,24,937
381.55555555555554,12.2,7.6,360,0.72,10.0,14,24,938
145.88888888888889,12.1,7.579555495773441,360,0.74,8.0,15,24,939
56.111111111111114,11.9,7.519615242270663,360,0.77,6.0,16,24,940
11.222222222222221,11.7,7.424264068711929,360,0.77,5.0,17,24,941
0.0,11.4,7.3,360,0.76,4.0,18,24,942
0.0,11.1,7.155291427061512,360,0.76,6.0,19,24,943
0.0,11.3,7.0,360,0.72,8.0,20,24,944
0.0,11.1,6.844708572938488,360,0.71,8.0,21,24,945
0.0,11.0,6.7,360,0.71,8.0,22,24,946
0.0,11.3,6.575735931288071,360,0.69,10.0,23,24,947
0.0,10.9,6.480384757729337,360,0.72,10.0,24,24,948
0.0,10.6,7.3136296694843725,360,0.74,10.0,1,25,949
0.0,11.1,7.299999999999999,360,0.74,10.0,2,25,950
0.0,11.0,7.313629669484372,360,0.75,9.0,3,25,951
0.0,11.3,7.353589838486224,360,0.76,8.0,4,25,952
0.0,10.7,7.41715728752538,360,0.79,8.0,5,25,953
0.0,10.5,7.499999999999999,360,0.81,8.0,6,25,954
0.0,10.4,7.596472381958991,360,0.81,8.0,7,25,955
11.222222222222221,9.3,7.699999999999999,360,0.84,7.0,8,25,956
67.33333333333334,10.0,7.803527618041008,360,0.85,6.0,9,25,957
134.66666666666669,10.4,7.8999999999999995,360,0.85,6.0,10,25,958
258.11111111111114,11.2,7.982842712474619,360,0.83,6.0,11,25,959
101.0,10.0,8.046410161513775,360,0.9,8.0,12,25,960
145.88888888888889,10.7,8.086370330515626,360,0.93,8.0,13,25,961
101.0,10.6,8.1,360,0.92,10.0,14,25,962
157.1111111111111,9.8,8.086370330515626,360,0.84,11.0,15,25,963
89.77777777777777,9.7,8.046410161513775,360,0.88,9.0,16,25,964
33.66666666666667,9.8,7.982842712474619,360,0.89,9.0,17,25,965
0.0,8.8,7.8999999999999995,360,0.83,16.0,18,25,966
0.0,6.1,7.803527618041008,360,0.82,17.0,19,25,967
0.0,4.9,7.699999999999999,360,0.84,16.0,20,25,968
0.0,4.2,7.596472381958991,360,0.85,12.0,21,25,969
0.0,3.8,7.499999999999999,360,0.86,10.0,22,25,970
0.0,2.5,7.417157287525381,360,0.89,6.0,23,25,971
0.0,1.5,7.353589838486224,360,0.91,4.0,24,25,972
0.0,1.6,6.72044450422656,360,0.93,3.0,1,26,973
0.0,2.3,6.700000000000001,360,0.93,4.0,2,26,974
0.0,3.6,6.72044450422656,360,0.92,5.0,3,26,975
0.0,4.6,6.780384757729338,360,0.91,6.0,4,26,976
0.0,5.0,6.875735931288072,360,0.91,7.0,5,26,977
0.0,5.4,7.0,360,0.92,7.0,6,26,978
0.0,5.7,7.144708572938488,360,0.93,8.0,7,26,979
0.0,6.1,7.300000000000001,360,0.93,8.0,8,26,980
33.66666666666667,6.3,7.455291427061513,360,0.91,9.0,9,26,981
44.888888888888886,6.7,7.6000000000000005,360,0.85,10.0,10,26,982
89.77777777777777,6.4,7.724264068711929,360,0.88,12.0,11,26,983
213.22222222222223,7.5,7.819615242270664,360,0.88,10.0,12,26,984
179.55555555555554,8.3,7.879555495773442,360,0.85,12.0,13,26,985
202.0,9.7,7.9,360,0.73,14.0,14,26,986
101.0,9.7,7.879555495773442,360,0.78,14.0,15,26,987
67.33333333333334,10.1,7.819615242270664,360,0.77,14.0,16,26,988
22.444444444444443,10.7,7.724264068711929,360,0.77,14.0,17,26,989
0.0,9.4,7.6000000000000005,360,0.85,11.0,18,26,990
0.0,8.6,7.455291427061513,360,0.89,10.0,19,26,991
0.0,9.6,7.300000000000001,360,0.84,12.0,20,26,992
0.0,10.2,7.144708572938488,360,0.75,14.0,21,26,993
0.0,11.4,7.000000000000001,360,0.76,15.0,22,26,994
0.0,11.6,6.875735931288072,360,0.8,16.0,23,26,995
0.0,11.5,6.780384757729338,360,0.89,17.0,24,26,996
0.0,11.1,7.122148212912105,360,0.92,13.0,1,27,997
0.0,11.1,7.1,360,0.94,11.0,2,27,998
0.0,11.2,7.122148212912105,360,0.94,10.0,3,27,999
0.0,11.1,7.187083487540114,360,0.93,11.0,4,27,1000
0.0,11.1,7.290380592228743,360,0.9,10.0,5,27,1001
0.0,10.4,7.425,360,0.87,10.0,6,27,1002
0.0,10.1,7.581767620683362,360,0.87,8.0,7,27,1003
0.0,10.3,7.75,360,0.88,10.0,8,27,1004
246.8888888888889,11.1,7.918232379316638,360,0.88,8.0,9,27,1005
404.0,11.0,8.075000000000001,360,0.8,12.0,10,27,1006
336.66666666666663,11.1,8.209619407771257,360,0.83,10.0,11,27,1007
381.55555555555554,11.0,8.312916512459886,360,0.87,12.0,12,27,1008
258.11111111111114,8.1,8.377851787087895,360,0.9,11.0,13,27,1009
404.0,10.1,8.4,360,0.82,10.0,14,27,1010
202.0,9.8,8.377851787087895,360,0.78,11.0,15,27,1011
78.55555555555554,9.3,8.312916512459886,360,0.8,10.0,16,27,1012
22.444444444444443,7.5,8.209619407771257,360,0.88,13.0,17,27,1013
0.0,8.1,8.075000000000001,360,0.89,8.0,18,27,1014
0.0,8.0,7.918232379316638,360,0.81,10.0,19,27,1015
0.0,7.8,7.75,360,0.8,11.0,20,27,1016
0.0,7.3,7.581767620683362,360,0.84,10.0,21,27,1017
0.0,7.4,7.425,360,0.84,10.0,22,27,1018
0.0,7.2,7.290380592228744,360,0.89,11.0,23,27,1019
0.0,6.7,7.187083487540114,360,0.85,11.0,24,27,1020
0.0,6.5,7.311925960798827,360,0.86,11.0,1,28,1021
0.0,6.7,7.300000000000001,360,0.87,11.0,2,28,1022
0.0,6.2,7.311925960798827,360,0.87,15.0,3,28,1023
0.0,6.3,7.346891108675447,360,0.85,10.0,4,28,1024
0.0,6.8,7.402512626584708,360,0.87,10.0,5,28,1025
0.0,7.0,7.4750000000000005,360,0.89,12.0,6,28,1026
0.0,6.7,7.559413334214118,360,0.92,12.0,7,28,1027
11.222222222222221,6.9,7.65,360,0.94,11.0,8,28,1028
11.222222222222221,7.6,7.740586665785883,360,0.94,13.0,9,28,1029
67.33333333333334,7.8,7.825,360,0.95,8.0,10,28,1030
168.33333333333331,8.7,7.897487373415292,360,0.95,7.0,11,28,1031
336.66666666666663,9.4,7.953108891324554,360,0.93,8.0,12,28,1032
381.55555555555554,10.2,7.988074039201174,360,0.91,8.0,13,28,1033
224.44444444444446,10.2,8.0,360,0.88,9.0,14,28,1034
258.11111111111114,10.9,7.988074039201174,360,0.85,8.0,15,28,1035
179.55555555555554,10.5,7.953108891324554,360,0.84,8.0,16,28,1036
33.66666666666667,9.8,7.897487373415292,360,0.77,10.0,17,28,1037
0.0,8.8,7.825,360,0.83,9.0,18,28,1038
0.0,8.3,7.740586665785883,360,0.84,8.0,19,28,1039
0.0,8.2,7.65,360,0.86,9.0,20,28,1040
0.0,8.1,7.559413334214118,360,0.85,7.0,21,28,1041
0.0,8.0,7.4750000000000005,360,0.84,8.0,22,28,1042
0.0,7.6,7.402512626584708,360,0.87,7.0,23,28,1043
0.0,7.4,7.346891108675447,360,0.86,6.0,24,28,1044
0.0,7.0,7.305111126056639,360,0.9,6.0,1,29,1045
0.0,6.8,7.299999999999999,360,0.9,6.0,2,29,1046
0.0,6.1,7.305111126056639,360,0.89,6.0,3,29,1047
0.0,5.9,7.320096189432333,360,0.91,5.0,4,29,1048
0.0,6.2,7.343933982822017,360,0.92,6.0,5,29,1049
0.0,6.4,7.374999999999999,360,0.93,7.0,6,29,1050
0.0,6.3,7.411177143234621,360,0.93,7.0,7,29,1051
11.222222222222221,6.6,7.449999999999999,360,0.95,8.0,8,29,1052
33.66666666666667,7.0,7.488822856765378,360,0.95,8.0,9,29,1053
101.0,7.4,7.5249999999999995,360,0.96,10.0,10,29,1054
258.11111111111114,7.6,7.556066017177981,360,0.95,12.0,11,29,1055
213.22222222222223,7.9,7.579903810567665,360,0.9,10.0,12,29,1056
202.0,8.2,7.5948888739433595,360,0.83,11.0,13,29,1057
202.0,8.5,7.6,360,0.82,10.0,14,29,1058
101.0,8.2,7.5948888739433595,360,0.82,8.0,15,29,1059
44.888888888888886,8.2,7.579903810567665,360,0.83,10.0,16,29,1060
11.222222222222221,8.1,7.556066017177981,360,0.86,12.0,17,29,1061
0.0,7.4,7.5249999999999995,360,0.88,12.0,18,29,1062
0.0,7.6,7.488822856765378,360,0.89,8.0,19,29,1063
0.0,7.5,7.449999999999999,360,0.88,10.0,20,29,1064
0.0,7.0,7.411177143234621,360,0.89,8.0,21,29,1065
0.0,6.7,7.374999999999999,360,0.87,9.0,22,29,1066
0.0,6.3,7.343933982822017,360,0.88,8.0,23,29,1067
0.0,4.9,7.320096189432333,360,0.89,6.0,24,29,1068
0.0,4.5,6.61022225211328,360,0.91,2.0,1,30,1069
0.0,3.9,6.6,360,0.92,2.0,2,30,1070
0.0,4.3,6.61022225211328,360,0.92,3.0,3,30,1071
0.0,4.1,6.640192378864668,360,0.92,2.0,4,30,1072
0.0,3.6,6.687867965644036,360,0.92,2.0,5,30,1073
0.0,4.2,6.75,360,0.94,2.0,6,30,1074
0.0,3.8,6.822354286469244,360,0.94,3.0,7,30,1075
22.444444444444443,3.4,6.9,360,0.94,4.0,8,30,1076
224.44444444444446,5.5,6.977645713530757,360,0.94,5.0,9,30,1077
505.0,7.3,7.050000000000001,360,0.9,6.0,10,30,1078
426.44444444444446,8.4,7.112132034355965,360,0.86,6.0,11,30,1079
740.6666666666667,8.5,7.159807621135332,360,0.83,8.0,12,30,1080
280.55555555555554,7.6,7.189777747886721,360,0.87,8.0,13,30,1081
157.1111111111111,7.8,7.200000000000001,360,0.85,7.0,14,30,1082
157.1111111111111,7.7,7.189777747886721,360,0.81,8.0,15,30,1083
78.55555555555554,7.4,7.159807621135332,360,0.82,8.0,16,30,1084
22.444444444444443,7.2,7.112132034355965,360,0.79,7.0,17,30,1085
0.0,6.9,7.050000000000001,360,0.81,5.0,18,30,1086
0.0,7.2,6.977645713530757,360,0.71,8.0,19,30,1087
0.0,6.6,6.9,360,0.79,8.0,20,30,1088
0.0,6.4,6.822354286469244,360,0.79,6.0,21,30,1089
0.0,5.4,6.75,360,0.78,6.0,22,30,1090
0.0,3.9,6.687867965644036,360,0.85,4.0,23,30,1091
0.0,3.5,6.640192378864668,360,0.87,3.0,24,30,1092
0.0,3.0,5.6187407955410125,360,0.88,4.0,1,31,1093
0.0,2.5,5.6,360,0.89,5.0,2,31,1094
0.0,1.1,5.6187407955410125,360,0.91,2.0,3,31,1095
0.0,0.0,5.673686027918559,360,0.93,2.0,4,31,1096
0.0,0.6,5.761091270347399,360,0.95,2.0,5,31,1097
0.0,-1.1,5.875,360,0.95,2.0,6,31,1098
0.0,-2.6,6.007649525193614,360,0.95,1.0,7,31,1099
67.33333333333334,-2.2,6.15,360,0.97,1.0,8,31,1100
404.0,1.6,6.292350474806387,360,0.97,1.0,9,31,1101
505.0,5.7,6.425000000000001,360,0.97,1.0,10,31,1102
718.2222222222222,5.9,6.538908729652602,360,0.91,3.0,11,31,1103
493.7777777777778,6.3,6.626313972081442,360,0.8,4.0,12,31,1104
650.8888888888889,7.7,6.681259204458988,360,0.74,5.0,13,31,1105
729.4444444444443,7.8,6.700000000000001,360,0.7,6.0,14,31,1106
460.11111111111114,7.7,6.681259204458988,360,0.74,6.0,15,31,1107
134.66666666666669,6.9,6.626313972081442,360,0.77,6.0,16,31,1108
22.444444444444443,6.2,6.538908729652602,360,0.85,6.0,17,31,1109
0.0,6.2,6.425000000000001,360,0.87,7.0,18,31,1110
0.0,6.5,6.292350474806387,360,0.86,8.0,19,31,1111
0.0,6.1,6.15,360,0.89,7.0,20,31,1112
0.0,5.7,6.007649525193614,360,0.92,4.0,21,31,1113
0.0,4.4,5.875,360,0.94,6.0,22,31,1114
0.0,4.2,5.761091270347399,360,0.95,6.0,23,31,1115
0.0,4.1,5.673686027918559,360,0.96,6.0,24,31,1116
0.0,3.0,6.310222252113279,360,0.96,6.0,1,32,1117
0.0,2.9,6.299999999999999,360,0.96,6.0,2,32,1118
0.0,2.9,6.310222252113279,360,0.97,5.0,3,32,1119
0.0,2.8,6.340192378864668,360,0.97,5.0,4,32,1120
0.0,2.7,6.387867965644035,360,0.96,4.0,5,32,1121
0.0,2.9,6.449999999999999,360,0.96,4.0,6,32,1122
0.0,3.1,6.522354286469243,360,0.96,4.0,7,32,1123
11.222222222222221,3.2,6.6,360,0.97,4.0,8,32,1124
78.55555555555554,3.5,6.677645713530756,360,0.97,4.0,9,32,1125
224.44444444444446,4.0,6.75,360,0.96,5.0,10,32,1126
583.5555555555555,5.1,6.812132034355964,360,0.96,6.0,11,32,1127
953.8888888888889,6.5,6.859807621135332,360,0.87,5.0,12,32,1128
931.4444444444445,7.0,6.88977774788672,360,0.76,6.0,13,32,1129
886.5555555555555,7.4,6.9,360,0.67,6.0,14,32,1130
684.5555555555557,6.9,6.88977774788672,360,0.64,3.0,15,32,1131
426.44444444444446,6.2,6.859807621135332,360,0.66,2.0,16,32,1132
123.44444444444446,4.4,6.812132034355964,360,0.76,3.0,17,32,1133
0.0,3.0,6.75,360,0.86,4.0,18,32,1134
0.0,2.6,6.677645713530756,360,0.9,4.0,19,32,1135
0.0,2.0,6.6,360,0.91,4.0,20,32,1136
0.0,0.8,6.522354286469243,360,0.92,4.0,21,32,1137
0.0,0.0,6.449999999999999,360,0.94,2.0,22,32,1138
0.0,-0.7,6.387867965644035,360,0.95,2.0,23,32,1139
0.0,-0.8,6.340192378864668,360,0.96,3.0,24,32,1140
0.0,-0.6,5.217037086855466,360,0.96,2.0,1,33,1141
0.0,-1.2,5.2,360,0.97,2.0,2,33,1142
0.0,-1.7,5.217037086855466,360,0.97,2.0,3,33,1143
0.0,-1.6,5.2669872981077805,360,0.98,2.0,4,33,1144
0.0,-1.1,5.346446609406726,360,0.98,1.0,5,33,1145
0.0,-1.4,5.45,360,0.98,2.0,6,33,1146
0.0,-2.0,5.57059047744874,360,0.98,2.0,7,33,1147
11.222222222222221,-2.1,5.7,360,0.98,2.0,8,33,1148
112.22222222222223,-1.5,5.829409522551261,360,0.98,2.0,9,33,1149
258.11111111111114,-0.6,5.95,360,0.98,2.0,10,33,1150
359.1111111111111,0.3,6.053553390593274,360,0.98,2.0,11,33,1151
471.33333333333337,1.8,6.13301270189222,360,0.99,2.0,12,33,1152
718.2222222222222,4.3,6.182962913144534,360,0.99,2.0,13,33,1153
852.8888888888889,6.2,6.2,360,0.98,2.0,14,33,1154
662.1111111111112,7.4,6.182962913144534,360,0.97,2.0,15,33,1155
404.0,7.2,6.13301270189222,360,0.84,2.0,16,33,1156
112.22222222222223,4.5,6.053553390593274,360,0.82,2.0,17,33,1157
0.0,2.8,5.95,360,0.87,2.0,18,33,1158
0.0,1.9,5.829409522551261,360,0.92,2.0,19,33,1159
0.0,2.1,5.7,360,0.94,2.0,20,33,1160
0.0,1.1,5.57059047744874,360,0.95,2.0,21,33,1161
0.0,0.5,5.45,360,0.96,4.0,22,33,1162
0.0,-0.4,5.346446609406726,360,0.96,4.0,23,33,1163
0.0,-0.7,5.2669872981077805,360,0.97,3.0,24,33,1164
0.0,-0.5,5.117037086855466,360,0.97,4.0,1,34,1165
0.0,-0.5,5.1,360,0.98,4.0,2,34,1166
0.0,-1.0,5.117037086855466,360,0.98,2.0,3,34,1167
0.0,-1.3,5.16698729810778,360,0.98,2.0,4,34,1168
0.0,-1.8,5.246446609406726,360,0.98,2.0,5,34,1169
0.0,-2.1,5.35,360,0.99,2.0,6,34,1170
0.0,-1.8,5.47059047744874,360,0.99,3.0,7,34,1171
22.444444444444443,-1.9,5.6,360,0.99,2.0,8,34,1172
145.88888888888889,-1.5,5.72940952255126,360,0.99,0.0,9,34,1173
359.1111111111111,-0.2,5.85,360,0.99,0.0,10,34,1174
538.6666666666667,1.4,5.953553390593274,360,0.99,2.0,11,34,1175
572.3333333333333,2.7,6.033012701892219,360,0.99,2.0,12,34,1176
549.8888888888889,3.7,6.0829629131445335,360,0.99,3.0,13,34,1177
549.8888888888889,4.3,6.1,360,0.99,4.0,14,34,1178
662.1111111111112,4.8,6.0829629131445335,360,0.99,4.0,15,34,1179
426.44444444444446,4.6,6.033012701892219,360,0.99,4.0,16,34,1180
134.66666666666669,2.5,5.953553390593274,360,0.99,3.0,17,34,1181
0.0,1.5,5.85,360,0.99,2.0,18,34,1182
0.0,0.7,5.72940952255126,360,0.99,2.0,19,34,1183
0.0,0.0,5.6,360,0.99,2.0,20,34,1184
0.0,-0.7,5.47059047744874,360,0.99,2.0,21,34,1185
0.0,-0.9,5.35,360,0.99,2.0,22,34,1186
0.0,-1.2,5.246446609406726,360,0.99,2.0,23,34,1187
0.0,-1.7,5.16698729810778,360,0.99,2.0,24,34,1188
0.0,-1.6,5.120444504226558,360,0.99,2.0,1,35,1189
0.0,-1.5,5.1,360,0.99,2.0,2,35,1190
0.0,-1.5,5.120444504226558,360,0.99,2.0,3,35,1191
0.0,-1.7,5.180384757729336,360,0.99,2.0,4,35,1192
0.0,-2.0,5.275735931288071,360,0.99,2.0,5,35,1193
0.0,-2.3,5.399999999999999,360,0.99,0.0,6,35,1194
0.0,-2.5,5.544708572938487,360,0.99,0.0,7,35,1195
22.444444444444443,-2.5,5.699999999999999,360,0.99,0.0,8,35,1196
157.1111111111111,-1.8,5.855291427061512,360,0.99,0.0,9,35,1197
415.2222222222223,-0.1,5.999999999999999,360,0.99,1.0,10,35,1198
774.3333333333333,2.2,6.124264068711928,360,0.99,2.0,11,35,1199
864.1111111111111,5.4,6.219615242270662,360,0.99,2.0,12,35,1200
976.3333333333333,7.9,6.27955549577344,360,0.99,2.0,13,35,1201
897.7777777777778,9.2,6.299999999999999,360,0.99,2.0,14,35,1202
707.0000000000001,10.5,6.27955549577344,360,0.98,2.0,15,35,1203
437.6666666666667,10.6,6.219615242270662,360,0.98,2.0,16,35,1204
134.66666666666669,8.2,6.124264068711928,360,0.97,1.0,17,35,1205
0.0,4.0,5.999999999999999,360,0.99,2.0,18,35,1206
0.0,3.3,5.855291427061512,360,0.99,2.0,19,35,1207
0.0,2.5,5.699999999999999,360,0.99,2.0,20,35,1208
0.0,1.5,5.544708572938487,360,0.99,1.0,21,35,1209
0.0,1.5,5.3999999999999995,360,0.99,1.0,22,35,1210
0.0,1.0,5.275735931288071,360,0.99,0.0,23,35,1211
0.0,0.5,5.180384757729336,360,0.99,1.0,24,35,1212
0.0,0.0,4.632370465025385,360,0.99,0.0,1,36,1213
0.0,-0.3,4.6,360,0.99,0.0,2,36,1214
0.0,-1.3,4.632370465025385,360,0.99,0.0,3,36,1215
0.0,-0.7,4.727275866404783,360,0.99,0.0,4,36,1216
0.0,-1.2,4.878248557872779,360,0.99,0.0,5,36,1217
0.0,-1.4,5.074999999999999,360,0.99,0.0,6,36,1218
0.0,-1.0,5.304121907152605,360,0.99,0.0,7,36,1219
44.888888888888886,0.3,5.55,360,0.99,0.0,8,36,1220
258.11111111111114,3.7,5.795878092847395,360,0.99,2.0,9,36,1221
482.5555555555556,6.3,6.025,360,0.99,2.0,10,36,1222
673.3333333333333,8.4,6.22175144212722,360,0.99,3.0,11,36,1223
920.2222222222223,9.6,6.3727241335952165,360,0.97,6.0,12,36,1224
909.0,10.6,6.4676295349746145,360,0.77,5.0,13,36,1225
819.2222222222222,10.7,6.5,360,0.75,6.0,14,36,1226
695.7777777777778,11.0,6.4676295349746145,360,0.73,7.0,15,36,1227
404.0,10.4,6.3727241335952165,360,0.73,6.0,16,36,1228
168.33333333333331,9.2,6.22175144212722,360,0.77,0.0,17,36,1229
0.0,8.5,6.025,360,0.83,0.0,18,36,1230
0.0,7.7,5.795878092847395,360,0.89,0.0,19,36,1231
0.0,7.6,5.55,360,0.92,0.0,20,36,1232
0.0,7.6,5.304121907152605,360,0.93,1.0,21,36,1233
0.0,7.5,5.075,360,0.94,0.0,22,36,1234
0.0,7.3,4.878248557872779,360,0.93,1.0,23,36,1235
0.0,7.0,4.727275866404783,360,0.92,0.0,24,36,1236
0.0,6.7,6.203407417371094,360,0.89,2.0,1,37,1237
0.0,6.4,6.200000000000001,360,0.9,2.0,2,37,1238
0.0,6.1,6.203407417371094,360,0.87,0.0,3,37,1239
0.0,5.7,6.213397459621556,360,0.84,0.0,4,37,1240
0.0,5.2,6.229289321881346,360,0.82,2.0,5,37,1241
0.0,4.8,6.250000000000001,360,0.83,2.0,6,37,1242
0.0,4.5,6.274118095489748,360,0.82,2.0,7,37,1243
22.444444444444443,4.2,6.300000000000001,360,0.82,2.0,8,37,1244
67.33333333333334,3.8,6.325881904510253,360,0.86,2.0,9,37,1245
291.77777777777777,4.4,6.3500000000000005,360,0.83,2.0,10,37,1246
437.6666666666667,5.3,6.370710678118655,360,0.79,0.0,11,37,1247
359.1111111111111,5.0,6.386602540378445,360,0.79,0.0,12,37,1248
381.55555555555554,5.3,6.396592582628908,360,0.8,0.0,13,37,1249
168.33333333333331,4.8,6.4,360,0.81,0.0,14,37,1250
101.0,4.3,6.396592582628908,360,0.84,0.0,15,37,1251
67.33333333333334,3.9,6.386602540378445,360,0.86,1.0,16,37,1252
22.444444444444443,3.9,6.370710678118655,360,0.85,2.0,17,37,1253
11.222222222222221,3.6,6.3500000000000005,360,0.85,2.0,18,37,1254
0.0,3.5,6.325881904510253,360,0.88,2.0,19,37,1255
0.0,3.2,6.300000000000001,360,0.9,2.0,20,37,1256
0.0,3.2,6.274118095489748,360,0.92,2.0,21,37,1257
0.0,3.1,6.250000000000001,360,0.92,2.0,22,37,1258
0.0,2.9,6.229289321881346,360,0.93,2.0,23,37,1259
0.0,2.7,6.213397459621556,360,0.94,2.0,24,37,1260
0.0,2.9,5.706814834742187,360,0.94,2.0,1,38,1261
0.0,2.9,5.700000000000001,360,0.94,2.0,2,38,1262
0.0,2.9,5.706814834742187,360,0.94,2.0,3,38,1263
0.0,2.9,5.726794919243113,360,0.93,2.0,4,38,1264
0.0,2.9,5.758578643762691,360,0.92,2.0,5,38,1265
0.0,2.7,5.800000000000001,360,0.92,2.0,6,38,1266
0.0,2.5,5.848236190979496,360,0.93,2.0,7,38,1267
0.0,2.7,5.9,360,0.94,2.0,8,38,1268
22.444444444444443,2.7,5.9517638090205045,360,0.94,2.0,9,38,1269
89.77777777777777,3.7,6.0,360,0.93,2.0,10,38,1270
123.44444444444446,4.5,6.04142135623731,360,0.92,2.0,11,38,1271
145.88888888888889,4.3,6.073205080756888,360,0.92,2.0,12,38,1272
157.1111111111111,4.8,6.093185165257814,360,0.94,2.0,13,38,1273
89.77777777777777,4.9,6.1,360,0.94,2.0,14,38,1274
67.33333333333334,4.8,6.093185165257814,360,0.95,2.0,15,38,1275
22.444444444444443,4.9,6.073205080756888,360,0.95,2.0,16,38,1276
22.444444444444443,5.0,6.04142135623731,360,0.96,2.0,17,38,1277
0.0,5.1,6.0,360,0.96,2.0,18,38,1278
0.0,5.4,5.9517638090205045,360,0.96,2.0,19,38,1279
0.0,5.1,5.9,360,0.96,2.0,20,38,1280
0.0,3.0,5.848236190979496,360,0.96,2.0,21,38,1281
0.0,2.7,5.800000000000001,360,0.96,2.0,22,38,1282
0.0,1.9,5.758578643762691,360,0.96,2.0,23,38,1283
0.0,2.0,5.726794919243113,360,0.97,2.0,24,38,1284
0.0,2.4,5.517037086855466,360,0.97,2.0,1,39,1285
0.0,1.4,5.5,360,0.97,2.0,2,39,1286
0.0,1.1,5.517037086855466,360,0.97,2.0,3,39,1287
0.0,1.8,5.56698729810778,360,0.97,2.0,4,39,1288
0.0,2.3,5.646446609406726,360,0.97,2.0,5,39,1289
0.0,2.7,5.75,360,0.97,2.0,6,39,1290
0.0,2.4,5.87059047744874,360,0.97,2.0,7,39,1291
44.888888888888886,2.8,6.0,360,0.97,2.0,8,39,1292
235.66666666666669,3.4,6.12940952255126,360,0.96,2.0,9,39,1293
359.1111111111111,4.4,6.25,360,0.96,1.0,10,39,1294
583.5555555555555,5.3,6.353553390593274,360,0.94,0.0,11,39,1295
460.11111111111114,7.1,6.43301270189222,360,0.9,0.0,12,39,1296
695.7777777777778,7.3,6.482962913144534,360,0.74,0.0,13,39,1297
606.0,7.0,6.5,360,0.76,0.0,14,39,1298
549.8888888888889,7.3,6.482962913144534,360,0.76,0.0,15,39,1299
246.8888888888889,6.3,6.43301270189222,360,0.81,0.0,16,39,1300
33.66666666666667,5.3,6.353553390593274,360,0.87,0.0,17,39,1301
11.222222222222221,4.7,6.25,360,0.9,0.0,18,39,1302
0.0,4.6,6.12940952255126,360,0.92,0.0,19,39,1303
0.0,4.9,6.0,360,0.92,2.0,20,39,1304
0.0,4.8,5.87059047744874,360,0.91,2.0,21,39,1305
0.0,4.8,5.75,360,0.92,2.0,22,39,1306
0.0,4.1,5.646446609406726,360,0.93,2.0,23,39,1307
0.0,3.0,5.56698729810778,360,0.93,2.0,24,39,1308
0.0,4.0,6.015333378169919,360,0.94,2.0,1,40,1309
0.0,4.2,6.0,360,0.95,2.0,2,40,1310
0.0,4.5,6.015333378169919,360,0.95,2.0,3,40,1311
0.0,4.3,6.060288568297002,360,0.95,2.0,4,40,1312
0.0,3.6,6.1318019484660535,360,0.95,2.0,5,40,1313
0.0,3.4,6.225,360,0.96,2.0,6,40,1314
0.0,3.6,6.333531429703866,360,0.96,1.0,7,40,1315
22.444444444444443,4.3,6.45,360,0.97,2.0,8,40,1316
157.1111111111111,4.8,6.566468570296134,360,0.97,2.0,9,40,1317
314.2222222222222,5.6,6.675000000000001,360,0.96,2.0,10,40,1318
258.11111111111114,6.2,6.768198051533947,360,0.96,2.0,11,40,1319
448.8888888888889,7.0,6.839711431702998,360,0.92,1.0,12,40,1320
404.0,7.1,6.884666621830081,360,0.86,0.0,13,40,1321
437.6666666666667,7.0,6.9,360,0.83,0.0,14,40,1322
415.2222222222223,7.0,6.884666621830081,360,0.79,0.0,15,40,1323
145.88888888888889,6.5,6.839711431702998,360,0.82,1.0,16,40,1324
78.55555555555554,6.0,6.768198051533947,360,0.84,2.0,17,40,1325
0.0,5.8,6.675000000000001,360,0.88,2.0,18,40,1326
0.0,5.5,6.566468570296134,360,0.88,1.0,19,40,1327
0.0,5.2,6.45,360,0.9,2.0,20,40,1328
0.0,4.9,6.333531429703866,360,0.93,2.0,21,40,1329
0.0,4.8,6.2250000000000005,360,0.94,2.0,22,40,1330
0.0,4.9,6.1318019484660535,360,0.95,2.0,23,40,1331
0.0,4.9,6.060288568297002,360,0.96,2.0,24,40,1332
0.0,5.0,6.713629669484373,360,0.97,1.0,1,41,1333
0.0,5.0,6.699999999999999,360,0.97,1.0,2,41,1334
0.0,5.1,6.713629669484372,360,0.98,2.0,3,41,1335
0.0,5.3,6.753589838486224,360,0.98,1.0,4,41,1336
0.0,5.6,6.81715728752538,360,0.98,1.0,5,41,1337
0.0,6.4,6.8999999999999995,360,0.98,2.0,6,41,1338
0.0,7.1,6.996472381958991,360,0.99,2.0,7,41,1339
11.222222222222221,7.5,7.1,360,0.99,2.0,8,41,1340
89.77777777777777,8.1,7.203527618041008,360,0.99,0.0,9,41,1341
157.1111111111111,9.0,7.3,360,0.99,0.0,10,41,1342
168.33333333333331,8.7,7.382842712474619,360,0.98,0.0,11,41,1343
246.8888888888889,8.0,7.446410161513775,360,0.99,0.0,12,41,1344
246.8888888888889,7.4,7.486370330515627,360,0.98,0.0,13,41,1345
527.4444444444445,7.0,7.5,360,0.98,0.0,14,41,1346
538.6666666666667,8.0,7.486370330515627,360,0.91,0.0,15,41,1347
516.2222222222223,7.7,7.446410161513775,360,0.77,0.0,16,41,1348
179.55555555555554,6.1,7.382842712474619,360,0.77,0.0,17,41,1349
0.0,4.5,7.3,360,0.8,0.0,18,41,1350
0.0,3.2,7.203527618041008,360,0.89,1.0,19,41,1351
0.0,2.8,7.1,360,0.91,2.0,20,41,1352
0.0,1.6,6.996472381958991,360,0.93,2.0,21,41,1353
0.0,1.4,6.8999999999999995,360,0.93,1.0,22,41,1354
0.0,1.4,6.817157287525381,360,0.94,1.0,23,41,1355
0.0,1.5,6.753589838486224,360,0.95,1.0,24,41,1356
0.0,0.9,5.9170370868554665,360,0.95,1.0,1,42,1357
0.0,1.0,5.9,360,0.96,2.0,2,42,1358
0.0,1.1,5.9170370868554665,360,0.96,2.0,3,42,1359
0.0,2.2,5.966987298107781,360,0.96,2.0,4,42,1360
0.0,2.4,6.046446609406726,360,0.96,2.0,5,42,1361
0.0,2.6,6.15,360,0.96,2.0,6,42,1362
0.0,2.7,6.27059047744874,360,0.96,2.0,7,42,1363
11.222222222222221,2.7,6.4,360,0.96,2.0,8,42,1364
33.66666666666667,3.0,6.52940952255126,360,0.97,2.0,9,42,1365
67.33333333333334,3.5,6.65,360,0.97,2.0,10,42,1366
101.0,4.3,6.753553390593274,360,0.97,2.0,11,42,1367
202.0,5.1,6.83301270189222,360,0.97,2.0,12,42,1368
235.66666666666669,6.1,6.882962913144534,360,0.98,2.0,13,42,1369
325.44444444444446,7.1,6.9,360,0.98,0.0,14,42,1370
336.66666666666663,7.9,6.882962913144534,360,0.97,0.0,15,42,1371
123.44444444444446,7.8,6.83301270189222,360,0.97,0.0,16,42,1372
44.888888888888886,7.7,6.753553390593274,360,0.97,0.0,17,42,1373
11.222222222222221,7.3,6.65,360,0.97,0.0,18,42,1374
0.0,7.0,6.52940952255126,360,0.97,0.0,19,42,1375
0.0,6.8,6.4,360,0.98,0.0,20,42,1376
0.0,6.4,6.27059047744874,360,0.98,0.0,21,42,1377
0.0,6.1,6.15,360,0.98,0.0,22,42,1378
0.0,5.6,6.046446609406726,360,0.98,0.0,23,42,1379
0.0,4.7,5.966987298107781,360,0.98,1.0,24,42,1380
0.0,3.9,6.325555630283199,360,0.99,1.0,1,43,1381
0.0,4.1,6.3,360,0.99,1.0,2,43,1382
0.0,2.8,6.325555630283199,360,0.99,1.0,3,43,1383
0.0,3.2,6.400480947161671,360,0.99,1.0,4,43,1384
0.0,4.0,6.519669914110089,360,0.99,0.0,5,43,1385
0.0,3.8,6.675,360,0.99,0.0,6,43,1386
0.0,3.1,6.855885716173109,360,0.99,0.0,7,43,1387
56.111111111111114,3.9,7.05,360,0.99,0.0,8,43,1388
235.66666666666669,7.2,7.244114283826891,360,0.99,1.0,9,43,1389
336.66666666666663,8.4,7.425,360,0.99,1.0,10,43,1390
460.11111111111114,10.5,7.58033008588991,360,0.98,0.0,11,43,1391
482.5555555555556,10.9,7.699519052838329,360,0.98,0.0,12,43,1392
404.0,11.4,7.774444369716801,360,0.91,0.0,13,43,1393
538.6666666666667,12.1,7.8,360,0.83,0.0,14,43,1394
269.33333333333337,11.7,7.774444369716801,360,0.84,0.0,15,43,1395
134.66666666666669,11.6,7.699519052838329,360,0.85,0.0,16,43,1396
56.111111111111114,11.0,7.58033008588991,360,0.88,0.0,17,43,1397
11.222222222222221,9.3,7.425,360,0.91,0.0,18,43,1398
0.0,9.2,7.244114283826891,360,0.94,0.0,19,43,1399
0.0,9.2,7.05,360,0.95,0.0,20,43,1400
0.0,9.5,6.855885716173109,360,0.96,0.0,21,43,1401
0.0,9.1,6.675,360,0.96,0.0,22,43,1402
0.0,9.1,6.519669914110089,360,0.97,0.0,23,43,1403
0.0,8.5,6.400480947161671,360,0.97,0.0,24,43,1404
0.0,8.7,7.718740795541012,360,0.97,0.0,1,44,1405
0.0,8.6,7.699999999999999,360,0.98,0.0,2,44,1406
0.0,8.7,7.718740795541012,360,0.98,0.0,3,44,1407
0.0,8.5,7.773686027918559,360,0.98,0.0,4,44,1408
0.0,8.3,7.861091270347399,360,0.99,0.0,5,44,1409
0.0,8.2,7.975,360,0.99,0.0,6,44,1410
0.0,7.3,8.107649525193613,360,0.99,0.0,7,44,1411
44.888888888888886,7.9,8.25,360,0.99,0.0,8,44,1412
123.44444444444446,8.4,8.392350474806387,360,0.99,0.0,9,44,1413
258.11111111111114,9.1,8.525,360,0.99,0.0,10,44,1414
426.44444444444446,10.5,8.638908729652602,360,0.98,0.0,11,44,1415
482.5555555555556,10.6,8.726313972081442,360,0.98,0.0,12,44,1416
303.0,10.5,8.781259204458987,360,0.97,0.0,13,44,1417
325.44444444444446,10.9,8.8,360,0.92,0.0,14,44,1418
325.44444444444446,9.9,8.781259204458987,360,0.91,0.0,15,44,1419
112.22222222222223,9.1,8.726313972081442,360,0.93,0.0,16,44,1420
33.66666666666667,8.4,8.638908729652602,360,0.94,0.0,17,44,1421
11.222222222222221,7.7,8.525,360,0.95,0.0,18,44,1422
0.0,7.3,8.392350474806387,360,0.95,0.0,19,44,1423
0.0,7.2,8.25,360,0.95,0.0,20,44,1424
0.0,6.9,8.107649525193613,360,0.95,0.0,21,44,1425
0.0,6.7,7.975,360,0.95,0.0,22,44,1426
0.0,6.5,7.861091270347399,360,0.95,0.0,23,44,1427
0.0,6.3,7.773686027918559,360,0.95,0.0,24,44,1428
0.0,6.0,7.708518543427733,360,0.95,0.0,1,45,1429
0.0,5.6,7.699999999999999,360,0.96,0.0,2,45,1430
0.0,5.2,7.708518543427733,360,0.96,0.0,3,45,1431
0.0,5.0,7.73349364905389,360,0.95,1.0,4,45,1432
0.0,4.7,7.773223304703363,360,0.95,0.0,5,45,1433
0.0,4.6,7.824999999999999,360,0.94,2.0,6,45,1434
0.0,4.4,7.885295238724369,360,0.94,0.0,7,45,1435
11.222222222222221,4.2,7.949999999999999,360,0.94,0.0,8,45,1436
123.44444444444446,4.4,8.01470476127563,360,0.94,2.0,9,45,1437
314.2222222222222,4.9,8.075,360,0.92,0.0,10,45,1438
538.6666666666667,6.2,8.126776695296636,360,0.85,0.0,11,45,1439
976.3333333333333,7.1,8.166506350946108,360,0.74,0.0,12,45,1440
1043.6666666666665,8.5,8.191481456572266,360,0.68,0.0,13,45,1441
976.3333333333333,8.9,8.2,360,0.65,0.0,14,45,1442
662.1111111111112,8.9,8.191481456572266,360,0.64,0.0,15,45,1443
527.4444444444445,8.6,8.166506350946108,360,0.63,0.0,16,45,1444
190.77777777777777,6.8,8.126776695296636,360,0.68,0.0,17,45,1445
11.222222222222221,5.9,8.075,360,0.73,0.0,18,45,1446
0.0,5.1,8.01470476127563,360,0.74,0.0,19,45,1447
0.0,4.6,7.949999999999999,360,0.75,0.0,20,45,1448
0.0,3.9,7.885295238724369,360,0.77,0.0,21,45,1449
0.0,2.9,7.824999999999999,360,0.77,0.0,22,45,1450
0.0,2.2,7.773223304703363,360,0.78,0.0,23,45,1451
0.0,2.0,7.73349364905389,360,0.82,0.0,24,45,1452
0.0,1.3,6.115333378169919,360,0.81,0.0,1,46,1453
0.0,0.6,6.1,360,0.82,2.0,2,46,1454
0.0,0.2,6.115333378169919,360,0.84,2.0,3,46,1455
0.0,0.1,6.160288568297002,360,0.85,2.0,4,46,1456
0.0,-0.4,6.231801948466053,360,0.85,2.0,5,46,1457
0.0,-0.5,6.324999999999999,360,0.85,2.0,6,46,1458
0.0,-0.4,6.433531429703866,360,0.84,2.0,7,46,1459
89.77777777777777,0.2,6.55,360,0.82,2.0,8,46,1460
325.44444444444446,1.8,6.666468570296134,360,0.76,2.0,9,46,1461
471.33333333333337,4.2,6.775,360,0.65,0.0,10,46,1462
695.7777777777778,6.4,6.8681980515339465,360,0.58,0.0,11,46,1463
1054.888888888889,10.0,6.939711431702998,360,0.38,0.0,12,46,1464
1133.4444444444443,11.7,6.984666621830081,360,0.33,0.0,13,46,1465
1054.888888888889,12.2,7.0,360,0.33,0.0,14,46,1466
830.4444444444446,12.0,6.984666621830081,360,0.34,0.0,15,46,1467
482.5555555555556,10.2,6.939711431702998,360,0.37,0.0,16,46,1468
179.55555555555554,8.3,6.8681980515339465,360,0.44,0.0,17,46,1469
11.222222222222221,6.9,6.775,360,0.48,0.0,18,46,1470
0.0,5.5,6.666468570296134,360,0.55,0.0,19,46,1471
0.0,3.8,6.55,360,0.64,0.0,20,46,1472
0.0,3.2,6.433531429703866,360,0.72,0.0,21,46,1473
0.0,2.4,6.325,360,0.76,0.0,22,46,1474
0.0,1.7,6.231801948466053,360,0.78,0.0,23,46,1475
0.0,1.2,6.160288568297002,360,0.81,0.0,24,46,1476
0.0,0.3,5.623851921597652,360,0.85,1.0,1,47,1477
0.0,0.4,5.6,360,0.88,1.0,2,47,1478
0.0,0.1,5.623851921597652,360,0.88,2.0,3,47,1479
0.0,0.1,5.6937822173508925,360,0.89,2.0,4,47,1480
0.0,-0.3,5.805025253169416,360,0.9,1.0,5,47,1481
0.0,-0.8,5.949999999999999,360,0.9,2.0,6,47,1482
0.0,-1.0,6.118826668428236,360,0.91,2.0,7,47,1483
89.77777777777777,0.0,6.3,360,0.92,2.0,8,47,1484
291.77777777777777,1.3,6.481173331571765,360,0.91,2.0,9,47,1485
684.5555555555557,3.7,6.65,360,0.82,0.0,10,47,1486
909.0,6.7,6.794974746830583,360,0.71,0.0,11,47,1487
953.8888888888889,9.3,6.906217782649107,360,0.6,0.0,12,47,1488
1099.7777777777778,9.9,6.976148078402348,360,0.6,0.0,13,47,1489
808.0,10.0,7.0,360,0.59,0.0,14,47,1490
684.5555555555557,9.8,6.976148078402348,360,0.6,0.0,15,47,1491
325.44444444444446,9.3,6.906217782649107,360,0.61,0.0,16,47,1492
145.88888888888889,7.6,6.794974746830583,360,0.69,0.0,17,47,1493
11.222222222222221,6.6,6.65,360,0.71,0.0,18,47,1494
0.0,6.4,6.481173331571765,360,0.73,0.0,19,47,1495
0.0,5.4,6.3,360,0.79,0.0,20,47,1496
0.0,5.0,6.118826668428236,360,0.79,0.0,21,47,1497
0.0,4.7,5.95,360,0.78,0.0,22,47,1498
0.0,4.5,5.805025253169417,360,0.78,0.0,23,47,1499
0.0,2.8,5.6937822173508925,360,0.82,0.0,24,47,1500
0.0,2.3,5.925555630283199,360,0.84,0.0,1,48,1501
0.0,2.0,5.9,360,0.87,0.0,2,48,1502
0.0,1.8,5.925555630283199,360,0.86,0.0,3,48,1503
0.0,1.9,6.000480947161671,360,0.89,0.0,4,48,1504
0.0,0.6,6.119669914110089,360,0.9,0.0,5,48,1505
0.0,0.7,6.275,360,0.92,2.0,6,48,1506
0.0,0.4,6.45588571617311,360,0.93,2.0,7,48,1507
112.22222222222223,2.1,6.65,360,0.94,2.0,8,48,1508
471.33333333333337,3.9,6.844114283826891,360,0.92,0.0,9,48,1509
695.7777777777778,5.5,7.025,360,0.83,0.0,10,48,1510
920.2222222222223,7.7,7.180330085889911,360,0.74,0.0,11,48,1511
1066.1111111111113,9.5,7.299519052838329,360,0.65,0.0,12,48,1512
1099.7777777777778,10.9,7.374444369716802,360,0.6,0.0,13,48,1513
1010.0,12.6,7.4,360,0.54,0.0,14,48,1514
808.0,13.4,7.374444369716802,360,0.5,0.0,15,48,1515
516.2222222222223,13.0,7.299519052838329,360,0.51,0.0,16,48,1516
179.55555555555554,10.2,7.180330085889911,360,0.61,0.0,17,48,1517
11.222222222222221,8.1,7.025,360,0.69,0.0,18,48,1518
0.0,6.8,6.844114283826891,360,0.74,0.0,19,48,1519
0.0,6.1,6.65,360,0.76,0.0,20,48,1520
0.0,5.5,6.45588571617311,360,0.78,0.0,21,48,1521
0.0,4.9,6.275,360,0.77,0.0,22,48,1522
0.0,4.1,6.11966991411009,360,0.84,0.0,23,48,1523
0.0,2.5,6.000480947161671,360,0.87,0.0,24,48,1524
0.0,3.5,5.6306667563398385,360,0.86,0.0,1,49,1525
0.0,1.5,5.6,360,0.85,0.0,2,49,1526
0.0,1.9,5.6306667563398385,360,0.89,1.0,3,49,1527
0.0,1.7,5.720577136594005,360,0.89,1.0,4,49,1528
0.0,1.2,5.863603896932107,360,0.89,0.0,5,49,1529
0.0,1.6,6.05,360,0.9,0.0,6,49,1530
0.0,1.4,6.267062859407732,360,0.9,0.0,7,49,1531
67.33333333333334,1.9,6.5,360,0.91,0.0,8,49,1532
258.11111111111114,3.3,6.732937140592269,360,0.9,0.0,9,49,1533
606.0,6.0,6.95,360,0.86,0.0,10,49,1534
751.8888888888888,8.3,7.136396103067893,360,0.76,0.0,11,49,1535
729.4444444444443,10.2,7.279422863405995,360,0.7,0.0,12,49,1536
774.3333333333333,11.8,7.3693332436601615,360,0.66,0.0,13,49,1537
864.1111111111111,13.2,7.4,360,0.63,0.0,14,49,1538
572.3333333333333,13.2,7.3693332436601615,360,0.63,1.0,15,49,1539
359.1111111111111,12.8,7.279422863405995,360,0.64,0.0,16,49,1540
235.66666666666669,11.2,7.136396103067893,360,0.67,0.0,17,49,1541
11.222222222222221,9.4,6.95,360,0.71,0.0,18,49,1542
0.0,8.1,6.732937140592269,360,0.76,0.0,19,49,1543
0.0,7.6,6.5,360,0.78,0.0,20,49,1544
0.0,7.1,6.267062859407732,360,0.8,0.0,21,49,1545
0.0,6.3,6.05,360,0.82,0.0,22,49,1546
0.0,4.9,5.863603896932107,360,0.87,0.0,23,49,1547
0.0,5.1,5.720577136594005,360,0.9,0.0,24,49,1548
0.0,4.5,6.237481591082026,360,0.92,0.0,1,50,1549
0.0,4.5,6.200000000000001,360,0.93,0.0,2,50,1550
0.0,4.0,6.237481591082025,360,0.94,0.0,3,50,1551
0.0,6.8,6.347372055837118,360,0.95,0.0,4,50,1552
0.0,8.1,6.522182540694798,360,0.91,0.0,5,50,1553
0.0,8.0,6.75,360,0.86,0.0,6,50,1554
0.0,8.7,7.015299050387228,360,0.85,0.0,7,50,1555
101.0,9.2,7.300000000000001,360,0.84,0.0,8,50,1556
213.22222222222223,10.1,7.584700949612774,360,0.83,0.0,9,50,1557
359.1111111111111,10.9,7.8500000000000005,360,0.82,0.0,10,50,1558
662.1111111111112,12.2,8.077817459305203,360,0.78,0.0,11,50,1559
471.33333333333337,12.9,8.252627944162883,360,0.77,0.0,12,50,1560
538.6666666666667,13.7,8.362518408917976,360,0.76,0.0,13,50,1561
673.3333333333333,14.4,8.4,360,0.76,0.0,14,50,1562
785.5555555555557,15.5,8.362518408917976,360,0.71,0.0,15,50,1563
269.33333333333337,15.2,8.252627944162883,360,0.72,0.0,16,50,1564
179.55555555555554,15.1,8.077817459305203,360,0.74,0.0,17,50,1565
22.444444444444443,12.7,7.8500000000000005,360,0.77,0.0,18,50,1566
0.0,10.9,7.584700949612774,360,0.88,0.0,19,50,1567
0.0,10.2,7.300000000000001,360,0.92,0.0,20,50,1568
0.0,9.7,7.015299050387228,360,0.94,0.0,21,50,1569
0.0,9.1,6.750000000000001,360,0.95,0.0,22,50,1570
0.0,8.6,6.522182540694798,360,0.97,0.0,23,50,1571
0.0,8.5,6.347372055837118,360,0.97,0.0,24,50,1572
0.0,8.3,7.93066675633984,360,0.98,0.0,1,51,1573
0.0,8.2,7.900000000000001,360,0.98,0.0,2,51,1574
0.0,8.2,7.93066675633984,360,0.98,0.0,3,51,1575
0.0,7.4,8.020577136594007,360,0.99,0.0,4,51,1576
0.0,8.2,8.163603896932107,360,0.99,0.0,5,51,1577
0.0,7.8,8.350000000000001,360,0.98,0.0,6,51,1578
0.0,7.8,8.567062859407732,360,0.98,0.0,7,51,1579
89.77777777777777,8.7,8.8,360,0.98,0.0,8,51,1580
493.7777777777778,10.9,9.032937140592269,360,0.98,0.0,9,51,1581
639.6666666666667,12.4,9.25,360,0.94,0.0,10,51,1582
740.6666666666667,13.5,9.436396103067892,360,0.79,0.0,11,51,1583
684.5555555555557,14.8,9.579422863405995,360,0.75,0.0,12,51,1584
684.5555555555557,15.6,9.669333243660162,360,0.72,0.0,13,51,1585
650.8888888888889,16.4,9.7,360,0.7,0.0,14,51,1586
707.0000000000001,16.9,9.669333243660162,360,0.63,0.0,15,51,1587
303.0,16.2,9.579422863405995,360,0.68,0.0,16,51,1588
101.0,15.0,9.436396103067892,360,0.74,0.0,17,51,1589
11.222222222222221,13.3,9.25,360,0.79,0.0,18,51,1590
0.0,13.7,9.032937140592269,360,0.8,0.0,19,51,1591
0.0,14.3,8.8,360,0.76,0.0,20,51,1592
0.0,13.4,8.567062859407732,360,0.79,0.0,21,51,1593
0.0,12.2,8.350000000000001,360,0.81,0.0,22,51,1594
0.0,10.7,8.16360389693211,360,0.87,0.0,23,51,1595
0.0,11.3,8.020577136594007,360,0.89,0.0,24,51,1596
0.0,11.1,8.91533337816992,360,0.87,0.0,1,52,1597
0.0,9.5,8.900000000000002,360,0.88,0.0,2,52,1598
0.0,10.7,8.91533337816992,360,0.88,0.0,3,52,1599
0.0,10.9,8.960288568297004,360,0.83,0.0,4,52,1600
0.0,11.0,9.031801948466054,360,0.8,0.0,5,52,1601
0.0,10.1,9.125000000000002,360,0.84,0.0,6,52,1602
0.0,10.2,9.233531429703866,360,0.82,0.0,7,52,1603
78.55555555555554,10.4,9.350000000000001,360,0.8,0.0,8,52,1604
291.77777777777777,10.9,9.466468570296136,360,0.77,0.0,9,52,1605
549.8888888888889,11.8,9.575000000000001,360,0.75,0.0,10,52,1606
561.1111111111111,12.3,9.668198051533947,360,0.72,0.0,11,52,1607
606.0,13.2,9.739711431702998,360,0.69,0.0,12,52,1608
740.6666666666667,14.1,9.784666621830082,360,0.67,0.0,13,52,1609
718.2222222222222,15.0,9.8,360,0.64,0.0,14,52,1610
336.66666666666663,14.7,9.784666621830082,360,0.65,0.0,15,52,1611
157.1111111111111,14.4,9.739711431702998,360,0.65,0.0,16,52,1612
56.111111111111114,14.3,9.668198051533947,360,0.64,0.0,17,52,1613
11.222222222222221,14.1,9.575000000000001,360,0.65,0.0,18,52,1614
0.0,13.6,9.466468570296136,360,0.68,0.0,19,52,1615
0.0,12.8,9.350000000000001,360,0.68,0.0,20,52,1616
0.0,12.2,9.233531429703866,360,0.69,0.0,21,52,1617
0.0,11.8,9.125000000000002,360,0.7,0.0,22,52,1618
0.0,11.3,9.031801948466056,360,0.72,0.0,23,52,1619
0.0,11.1,8.960288568297004,360,0.73,0.0,24,52,1620
0.0,11.4,9.317037086855466,360,0.73,0.0,1,53,1621
0.0,11.3,9.3,360,0.74,0.0,2,53,1622
0.0,10.1,9.317037086855466,360,0.82,0.0,3,53,1623
0.0,9.8,9.366987298107782,360,0.9,0.0,4,53,1624
0.0,9.9,9.446446609406728,360,0.93,0.0,5,53,1625
0.0,9.5,9.55,360,0.94,0.0,6,53,1626
0.0,9.6,9.67059047744874,360,0.95,0.0,7,53,1627
22.444444444444443,9.5,9.8,360,0.96,0.0,8,53,1628
179.55555555555554,10.0,9.92940952255126,360,0.96,0.0,9,53,1629
448.8888888888889,10.8,10.05,360,0.95,0.0,10,53,1630
751.8888888888888,11.9,10.153553390593274,360,0.93,0.0,11,53,1631
740.6666666666667,13.0,10.23301270189222,360,0.84,0.0,12,53,1632
1077.3333333333335,14.0,10.282962913144535,360,0.72,0.0,13,53,1633
796.7777777777777,12.5,10.3,360,0.73,0.0,14,53,1634
460.11111111111114,12.5,10.282962913144535,360,0.72,0.0,15,53,1635
325.44444444444446,12.6,10.23301270189222,360,0.77,0.0,16,53,1636
235.66666666666669,11.1,10.153553390593274,360,0.7,0.0,17,53,1637
56.111111111111114,10.0,10.05,360,0.85,0.0,18,53,1638
0.0,6.3,9.92940952255126,360,0.9,0.0,19,53,1639
0.0,7.1,9.8,360,0.93,0.0,20,53,1640
0.0,7.1,9.67059047744874,360,0.94,0.0,21,53,1641
0.0,5.8,9.55,360,0.94,0.0,22,53,1642
0.0,6.4,9.446446609406728,360,0.96,0.0,23,53,1643
0.0,6.0,9.366987298107782,360,0.96,0.0,24,53,1644
0.0,5.4,8.425555630283199,360,0.97,0.0,1,54,1645
0.0,5.4,8.4,360,0.97,0.0,2,54,1646
0.0,5.0,8.425555630283199,360,0.97,0.0,3,54,1647
0.0,3.8,8.500480947161671,360,0.98,0.0,4,54,1648
0.0,5.0,8.619669914110089,360,0.98,0.0,5,54,1649
0.0,4.8,8.775,360,0.98,0.0,6,54,1650
0.0,4.0,8.95588571617311,360,0.98,0.0,7,54,1651
78.55555555555554,5.3,9.15,360,0.99,0.0,8,54,1652
280.55555555555554,6.5,9.34411428382689,360,0.99,0.0,9,54,1653
437.6666666666667,8.2,9.525,360,0.99,0.0,10,54,1654
538.6666666666667,8.7,9.680330085889912,360,0.99,0.0,11,54,1655
808.0,9.8,9.79951905283833,360,0.99,0.0,12,54,1656
965.1111111111112,12.7,9.874444369716802,360,0.98,0.0,13,54,1657
1099.7777777777778,13.2,9.9,360,0.78,0.0,14,54,1658
852.8888888888889,13.4,9.874444369716802,360,0.7,0.0,15,54,1659
404.0,12.1,9.79951905283833,360,0.74,0.0,16,54,1660
179.55555555555554,11.3,9.680330085889912,360,0.79,0.0,17,54,1661
11.222222222222221,9.9,9.525,360,0.84,0.0,18,54,1662
0.0,9.8,9.34411428382689,360,0.87,0.0,19,54,1663
0.0,9.7,9.15,360,0.88,0.0,20,54,1664
0.0,9.1,8.95588571617311,360,0.89,0.0,21,54,1665
0.0,9.7,8.775,360,0.89,0.0,22,54,1666
0.0,9.5,8.619669914110089,360,0.87,0.0,23,54,1667
0.0,9.3,8.500480947161671,360,0.84,0.0,24,54,1668
0.0,7.8,9.013629669484374,360,0.85,0.0,1,55,1669
0.0,9.3,9.0,360,0.85,0.0,2,55,1670
0.0,9.1,9.013629669484372,360,0.87,0.0,3,55,1671
0.0,8.8,9.053589838486225,360,0.89,0.0,4,55,1672
0.0,8.8,9.11715728752538,360,0.89,0.0,5,55,1673
0.0,9.3,9.2,360,0.89,0.0,6,55,1674
11.222222222222221,9.2,9.296472381958992,360,0.88,0.0,7,55,1675
44.888888888888886,9.3,9.4,360,0.9,0.0,8,55,1676
224.44444444444446,9.7,9.503527618041009,360,0.87,0.0,9,55,1677
426.44444444444446,11.2,9.600000000000001,360,0.82,0.0,10,55,1678
561.1111111111111,12.1,9.682842712474619,360,0.75,0.0,11,55,1679
471.33333333333337,12.6,9.746410161513776,360,0.72,0.0,12,55,1680
224.44444444444446,12.3,9.786370330515629,360,0.77,0.0,13,55,1681
168.33333333333331,11.3,9.8,360,0.91,0.0,14,55,1682
123.44444444444446,11.3,9.786370330515629,360,0.94,0.0,15,55,1683
123.44444444444446,11.2,9.746410161513776,360,0.95,0.0,16,55,1684
56.111111111111114,10.9,9.682842712474619,360,0.96,0.0,17,55,1685
22.444444444444443,10.4,9.600000000000001,360,0.96,0.0,18,55,1686
0.0,10.4,9.503527618041009,360,0.96,0.0,19,55,1687
0.0,10.3,9.4,360,0.97,0.0,20,55,1688
0.0,9.1,9.296472381958992,360,0.97,0.0,21,55,1689
0.0,8.9,9.200000000000001,360,0.97,0.0,22,55,1690
0.0,9.3,9.117157287525382,360,0.98,0.0,23,55,1691
0.0,9.9,9.053589838486225,360,0.98,0.0,24,55,1692
0.0,10.2,9.403407417371094,360,0.98,0.0,1,56,1693
0.0,10.5,9.4,360,0.98,0.0,2,56,1694
0.0,10.1,9.403407417371094,360,0.98,0.0,3,56,1695
0.0,9.9,9.413397459621557,360,0.98,0.0,4,56,1696
0.0,10.2,9.429289321881345,360,0.98,0.0,5,56,1697
0.0,9.6,9.45,360,0.97,0.0,6,56,1698
0.0,8.1,9.474118095489748,360,0.94,0.0,7,56,1699
67.33333333333334,7.9,9.5,360,0.92,0.0,8,56,1700
202.0,7.6,9.525881904510252,360,0.89,0.0,9,56,1701
190.77777777777777,7.3,9.55,360,0.89,0.0,10,56,1702
325.44444444444446,7.9,9.570710678118655,360,0.83,0.0,11,56,1703
516.2222222222223,9.6,9.586602540378443,360,0.73,0.0,12,56,1704
549.8888888888889,9.7,9.596592582628906,360,0.72,0.0,13,56,1705
650.8888888888889,10.6,9.6,360,0.63,0.0,14,56,1706
841.6666666666666,11.2,9.596592582628906,360,0.56,0.0,15,56,1707
392.7777777777778,9.1,9.586602540378443,360,0.72,0.0,16,56,1708
67.33333333333334,7.0,9.570710678118655,360,0.79,0.0,17,56,1709
33.66666666666667,7.4,9.55,360,0.74,0.0,18,56,1710
0.0,5.9,9.525881904510252,360,0.83,0.0,19,56,1711
0.0,5.6,9.5,360,0.86,0.0,20,56,1712
0.0,6.1,9.474118095489748,360,0.87,0.0,21,56,1713
0.0,4.4,9.450000000000001,360,0.88,0.0,22,56,1714
0.0,4.2,9.429289321881345,360,0.92,0.0,23,56,1715
0.0,4.0,9.413397459621557,360,0.94,0.0,24,56,1716
0.0,3.7,7.7221482129121055,360,0.95,0.0,1,57,1717
0.0,3.6,7.699999999999999,360,0.96,0.0,2,57,1718
0.0,3.4,7.7221482129121055,360,0.96,0.0,3,57,1719
0.0,2.9,7.787083487540114,360,0.97,0.0,4,57,1720
0.0,2.5,7.890380592228744,360,0.98,0.0,5,57,1721
0.0,2.3,8.024999999999999,360,0.97,0.0,6,57,1722
0.0,2.4,8.181767620683361,360,0.98,0.0,7,57,1723
168.33333333333331,4.8,8.35,360,0.98,0.0,8,57,1724
505.0,7.0,8.518232379316638,360,0.98,0.0,9,57,1725
830.4444444444446,9.2,8.674999999999999,360,0.98,5.0,10,57,1726
987.5555555555557,10.4,8.809619407771255,360,0.87,7.0,11,57,1727
864.1111111111111,11.0,8.912916512459885,360,0.74,8.0,12,57,1728
437.6666666666667,10.5,8.977851787087895,360,0.73,7.0,13,57,1729
482.5555555555556,10.7,9.0,360,0.78,10.0,14,57,1730
370.33333333333337,10.5,8.977851787087895,360,0.77,12.0,15,57,1731
381.55555555555554,11.1,8.912916512459885,360,0.75,9.0,16,57,1732
224.44444444444446,10.8,8.809619407771255,360,0.78,9.0,17,57,1733
22.444444444444443,9.3,8.674999999999999,360,0.87,8.0,18,57,1734
0.0,9.2,8.518232379316638,360,0.93,0.0,19,57,1735
0.0,8.6,8.35,360,0.94,0.0,20,57,1736
0.0,8.9,8.181767620683361,360,0.94,0.0,21,57,1737
0.0,8.5,8.025,360,0.95,0.0,22,57,1738
0.0,7.2,7.890380592228744,360,0.95,0.0,23,57,1739
0.0,7.1,7.787083487540115,360,0.94,0.0,24,57,1740
0.0,6.7,8.020444504226559,360,0.93,0.0,1,58,1741
0.0,6.5,8.0,360,0.94,0.0,2,58,1742
0.0,5.9,8.020444504226559,360,0.95,0.0,3,58,1743
0.0,4.8,8.080384757729338,360,0.96,0.0,4,58,1744
0.0,4.6,8.175735931288072,360,0.96,0.0,5,58,1745
0.0,3.9,8.299999999999999,360,0.97,0.0,6,58,1746
0.0,1.2,8.444708572938488,360,0.97,0.0,7,58,1747
168.33333333333331,3.9,8.6,360,0.98,0.0,8,58,1748
505.0,6.2,8.755291427061511,360,0.97,2.0,9,58,1749
796.7777777777777,8.0,8.9,360,0.95,2.0,10,58,1750
1066.1111111111113,9.4,9.024264068711927,360,0.76,3.0,11,58,1751
1369.1111111111113,10.1,9.119615242270662,360,0.65,4.0,12,58,1752
1054.888888888889,10.0,9.17955549577344,360,0.61,4.0,13,58,1753
909.0,10.1,9.2,360,0.6,5.0,14,58,1754
785.5555555555557,10.6,9.17955549577344,360,0.54,4.0,15,58,1755
617.2222222222222,9.9,9.119615242270662,360,0.56,4.0,16,58,1756
280.55555555555554,9.0,9.024264068711927,360,0.59,4.0,17,58,1757
33.66666666666667,6.8,8.9,360,0.71,2.0,18,58,1758
0.0,6.1,8.755291427061511,360,0.75,0.0,19,58,1759
0.0,6.5,8.6,360,0.79,0.0,20,58,1760
0.0,4.8,8.444708572938488,360,0.8,0.0,21,58,1761
0.0,4.9,8.3,360,0.82,0.0,22,58,1762
0.0,5.0,8.175735931288072,360,0.83,0.0,23,58,1763
0.0,4.8,8.080384757729338,360,0.83,0.0,24,58,1764
0.0,4.7,7.3136296694843725,360,0.86,0.0,1,59,1765
0.0,4.4,7.299999999999999,360,0.86,0.0,2,59,1766
0.0,3.0,7.313629669484372,360,0.88,0.0,3,59,1767
0.0,2.3,7.353589838486224,360,0.9,0.0,4,59,1768
0.0,1.8,7.41715728752538,360,0.91,0.0,5,59,1769
0.0,1.4,7.499999999999999,360,0.92,0.0,6,59,1770
0.0,1.7,7.596472381958991,360,0.93,0.0,7,59,1771
202.0,3.4,7.699999999999999,360,0.93,0.0,8,59,1772
527.4444444444445,5.4,7.803527618041008,360,0.89,0.0,9,59,1773
852.8888888888889,7.5,7.8999999999999995,360,0.71,7.0,10,59,1774
1088.5555555555557,8.6,7.982842712474619,360,0.62,8.0,11,59,1775
1144.6666666666665,8.3,8.046410161513775,360,0.61,10.0,12,59,1776
1032.4444444444446,8.9,8.086370330515626,360,0.61,8.0,13,59,1777
1212.0,8.7,8.1,360,0.57,10.0,14,59,1778
998.7777777777778,9.0,8.086370330515626,360,0.56,10.0,15,59,1779
729.4444444444443,8.8,8.046410161513775,360,0.57,10.0,16,59,1780
325.44444444444446,7.8,7.982842712474619,360,0.61,10.0,17,59,1781
56.111111111111114,6.9,7.8999999999999995,360,0.66,0.0,18,59,1782
0.0,6.1,7.803527618041008,360,0.72,0.0,19,59,1783
0.0,6.7,7.699999999999999,360,0.72,0.0,20,59,1784
0.0,6.0,7.596472381958991,360,0.68,0.0,21,59,1785
0.0,5.0,7.499999999999999,360,0.7,0.0,22,59,1786
0.0,4.5,7.417157287525381,360,0.73,0.0,23,59,1787
0.0,3.7,7.353589838486224,360,0.79,0.0,24,59,1788
